Command line invocation:
    /Volumes/AI/AI工具/Xcode/Xcode.app/Contents/Developer/usr/bin/xcodebuild -project build/ios/SichuanMahjong-2.6.30-ios-xcode/SichuanMahjongIOS.xcodeproj -scheme SichuanMahjongIOS -configuration Release -sdk iphoneos -destination id=00008120-000915803A90A01E -derivedDataPath build/ios/DerivedData-2.6.30-20260808 DEVELOPMENT_TEAM=FCB4ZVWWD8 CODE_SIGN_STYLE=Automatic "CODE_SIGN_IDENTITY=Apple Development" PRODUCT_BUNDLE_IDENTIFIER=com.chendong.sichuanmahjong.iosdev MARKETING_VERSION=2.6.30 CURRENT_PROJECT_VERSION=2.6.30 -allowProvisioningUpdates -allowProvisioningDeviceRegistration build

Build settings from command line:
    CODE_SIGN_IDENTITY = Apple Development
    CODE_SIGN_STYLE = Automatic
    CURRENT_PROJECT_VERSION = 2.6.30
    DEVELOPMENT_TEAM = FCB4ZVWWD8
    MARKETING_VERSION = 2.6.30
    PRODUCT_BUNDLE_IDENTIFIER = com.chendong.sichuanmahjong.iosdev
    SDKROOT = iphoneos26.5

note: Using codesigning identity override: Apple Development
ComputePackagePrebuildTargetDependencyGraph

Prepare packages

CreateBuildRequest

SendProjectDescription

CreateBuildOperation

ComputeTargetDependencyGraph
note: Building targets in dependency order
note: Target dependency graph (1 target)
    Target 'SichuanMahjongIOS' in project 'SichuanMahjongIOS' (no dependencies)

GatherProvisioningInputs

CreateBuildDescription

ExecuteExternalTool /Volumes/AI/AI工具/Xcode/Xcode.app/Contents/Developer/Toolchains/XcodeDefault.xctoolchain/usr/bin/clang -v -E -dM -isysroot /Volumes/AI/AI工具/Xcode/Xcode.app/Contents/Developer/Platforms/iPhoneOS.platform/Developer/SDKs/iPhoneOS26.5.sdk -x c -c /dev/null

ExecuteExternalTool /Volumes/AI/AI工具/Xcode/Xcode.app/Contents/Developer/Toolchains/XcodeDefault.xctoolchain/usr/bin/clang -v -E -dM -arch arm64 -isysroot /Volumes/AI/AI工具/Xcode/Xcode.app/Contents/Developer/Platforms/iPhoneOS.platform/Developer/SDKs/iPhoneOS26.5.sdk -x c++ -c /dev/null

ExecuteExternalTool /Volumes/AI/AI工具/Xcode/Xcode.app/Contents/Developer/usr/bin/ibtool --version --output-format xml1

ExecuteExternalTool /Volumes/AI/AI工具/Xcode/Xcode.app/Contents/Developer/Toolchains/XcodeDefault.xctoolchain/usr/bin/clang -v -E -dM -arch arm64 -isysroot /Volumes/AI/AI工具/Xcode/Xcode.app/Contents/Developer/Platforms/iPhoneOS.platform/Developer/SDKs/iPhoneOS26.5.sdk -x c -c /dev/null

ExecuteExternalTool /Volumes/AI/AI工具/Xcode/Xcode.app/Contents/Developer/usr/bin/actool --print-asset-tag-combinations --output-format xml1 /Volumes/AI/Codex/四川麻将工程_20260701_v2/build/ios/SichuanMahjong-2.6.30-ios-xcode/SichuanMahjongIOS/Images.xcassets

ExecuteExternalTool /Volumes/AI/AI工具/Xcode/Xcode.app/Contents/Developer/usr/bin/actool --version --output-format xml1

ExecuteExternalTool /Volumes/AI/AI工具/Xcode/Xcode.app/Contents/Developer/Toolchains/XcodeDefault.xctoolchain/usr/bin/swiftc --version

ExecuteExternalTool /Volumes/AI/AI工具/Xcode/Xcode.app/Contents/Developer/Toolchains/XcodeDefault.xctoolchain/usr/bin/ld -version_details

Build description signature: dcb716b24cab427818235095909af7ce
Build description path: /Volumes/AI/Codex/四川麻将工程_20260701_v2/build/ios/DerivedData-2.6.30-20260808/Build/Intermediates.noindex/XCBuildData/dcb716b24cab427818235095909af7ce.xcbuilddata
CreateBuildDirectory /Volumes/AI/Codex/四川麻将工程_20260701_v2/build/ios/DerivedData-2.6.30-20260808/Build/Products
    cd /Volumes/AI/Codex/四川麻将工程_20260701_v2/build/ios/SichuanMahjong-2.6.30-ios-xcode/SichuanMahjongIOS.xcodeproj
    builtin-create-build-directory /Volumes/AI/Codex/四川麻将工程_20260701_v2/build/ios/DerivedData-2.6.30-20260808/Build/Products

CreateBuildDirectory /Volumes/AI/Codex/四川麻将工程_20260701_v2/build/ios/DerivedData-2.6.30-20260808/Build/Intermediates.noindex
    cd /Volumes/AI/Codex/四川麻将工程_20260701_v2/build/ios/SichuanMahjong-2.6.30-ios-xcode/SichuanMahjongIOS.xcodeproj
    builtin-create-build-directory /Volumes/AI/Codex/四川麻将工程_20260701_v2/build/ios/DerivedData-2.6.30-20260808/Build/Intermediates.noindex

ClangStatCache /Volumes/AI/AI工具/Xcode/Xcode.app/Contents/Developer/Toolchains/XcodeDefault.xctoolchain/usr/bin/clang-stat-cache /Volumes/AI/AI工具/Xcode/Xcode.app/Contents/Developer/Platforms/iPhoneOS.platform/Developer/SDKs/iPhoneOS26.5.sdk /Volumes/AI/Codex/四川麻将工程_20260701_v2/build/ios/DerivedData-2.6.30-20260808/SDKStatCaches.noindex/iphoneos26.5-23F81a-f9284011395fa749f30a93b9afd2ba42.sdkstatcache
    cd /Volumes/AI/Codex/四川麻将工程_20260701_v2/build/ios/SichuanMahjong-2.6.30-ios-xcode/SichuanMahjongIOS.xcodeproj
    /Volumes/AI/AI工具/Xcode/Xcode.app/Contents/Developer/Toolchains/XcodeDefault.xctoolchain/usr/bin/clang-stat-cache /Volumes/AI/AI工具/Xcode/Xcode.app/Contents/Developer/Platforms/iPhoneOS.platform/Developer/SDKs/iPhoneOS26.5.sdk -o /Volumes/AI/Codex/四川麻将工程_20260701_v2/build/ios/DerivedData-2.6.30-20260808/SDKStatCaches.noindex/iphoneos26.5-23F81a-f9284011395fa749f30a93b9afd2ba42.sdkstatcache

CreateBuildDirectory /Volumes/AI/Codex/四川麻将工程_20260701_v2/build/ios/DerivedData-2.6.30-20260808/Build/Products/Release-iphoneos
    cd /Volumes/AI/Codex/四川麻将工程_20260701_v2/build/ios/SichuanMahjong-2.6.30-ios-xcode/SichuanMahjongIOS.xcodeproj
    builtin-create-build-directory /Volumes/AI/Codex/四川麻将工程_20260701_v2/build/ios/DerivedData-2.6.30-20260808/Build/Products/Release-iphoneos

CreateBuildDirectory /Volumes/AI/Codex/四川麻将工程_20260701_v2/build/ios/DerivedData-2.6.30-20260808/Build/Intermediates.noindex/SwiftExplicitPrecompiledModules
    cd /Volumes/AI/Codex/四川麻将工程_20260701_v2/build/ios/SichuanMahjong-2.6.30-ios-xcode/SichuanMahjongIOS.xcodeproj
    builtin-create-build-directory /Volumes/AI/Codex/四川麻将工程_20260701_v2/build/ios/DerivedData-2.6.30-20260808/Build/Intermediates.noindex/SwiftExplicitPrecompiledModules

CreateBuildDirectory /Volumes/AI/Codex/四川麻将工程_20260701_v2/build/ios/DerivedData-2.6.30-20260808/Build/Intermediates.noindex/ExplicitPrecompiledModules
    cd /Volumes/AI/Codex/四川麻将工程_20260701_v2/build/ios/SichuanMahjong-2.6.30-ios-xcode/SichuanMahjongIOS.xcodeproj
    builtin-create-build-directory /Volumes/AI/Codex/四川麻将工程_20260701_v2/build/ios/DerivedData-2.6.30-20260808/Build/Intermediates.noindex/ExplicitPrecompiledModules

CreateBuildDirectory /Volumes/AI/Codex/四川麻将工程_20260701_v2/build/ios/DerivedData-2.6.30-20260808/Build/Intermediates.noindex/EagerLinkingTBDs/Release-iphoneos
    cd /Volumes/AI/Codex/四川麻将工程_20260701_v2/build/ios/SichuanMahjong-2.6.30-ios-xcode/SichuanMahjongIOS.xcodeproj
    builtin-create-build-directory /Volumes/AI/Codex/四川麻将工程_20260701_v2/build/ios/DerivedData-2.6.30-20260808/Build/Intermediates.noindex/EagerLinkingTBDs/Release-iphoneos

WriteAuxiliaryFile /Volumes/AI/Codex/四川麻将工程_20260701_v2/build/ios/DerivedData-2.6.30-20260808/Build/Intermediates.noindex/SichuanMahjongIOS.build/Release-iphoneos/SichuanMahjongIOS-11fbfacb149a6c262b524149f197adf1-VFS-iphoneos/all-product-headers.yaml
    cd /Volumes/AI/Codex/四川麻将工程_20260701_v2/build/ios/SichuanMahjong-2.6.30-ios-xcode/SichuanMahjongIOS.xcodeproj
    write-file /Volumes/AI/Codex/四川麻将工程_20260701_v2/build/ios/DerivedData-2.6.30-20260808/Build/Intermediates.noindex/SichuanMahjongIOS.build/Release-iphoneos/SichuanMahjongIOS-11fbfacb149a6c262b524149f197adf1-VFS-iphoneos/all-product-headers.yaml

ProcessXCFramework /Volumes/AI/Codex/四川麻将工程_20260701_v2/build/ios/SichuanMahjong-2.6.30-ios-xcode/SichuanMahjongIOS.xcframework /Volumes/AI/Codex/四川麻将工程_20260701_v2/build/ios/DerivedData-2.6.30-20260808/Build/Products/Release-iphoneos/libgodot.a ios
    cd /Volumes/AI/Codex/四川麻将工程_20260701_v2/build/ios/SichuanMahjong-2.6.30-ios-xcode/SichuanMahjongIOS.xcodeproj
    builtin-process-xcframework --xcframework /Volumes/AI/Codex/四川麻将工程_20260701_v2/build/ios/SichuanMahjong-2.6.30-ios-xcode/SichuanMahjongIOS.xcframework --platform ios --target-path /Volumes/AI/Codex/四川麻将工程_20260701_v2/build/ios/DerivedData-2.6.30-20260808/Build/Products/Release-iphoneos

ProcessXCFramework /Volumes/AI/Codex/四川麻将工程_20260701_v2/build/ios/SichuanMahjong-2.6.30-ios-xcode/MoltenVK.xcframework /Volumes/AI/Codex/四川麻将工程_20260701_v2/build/ios/DerivedData-2.6.30-20260808/Build/Products/Release-iphoneos/libMoltenVK.a ios
    cd /Volumes/AI/Codex/四川麻将工程_20260701_v2/build/ios/SichuanMahjong-2.6.30-ios-xcode/SichuanMahjongIOS.xcodeproj
    builtin-process-xcframework --xcframework /Volumes/AI/Codex/四川麻将工程_20260701_v2/build/ios/SichuanMahjong-2.6.30-ios-xcode/MoltenVK.xcframework --platform ios --target-path /Volumes/AI/Codex/四川麻将工程_20260701_v2/build/ios/DerivedData-2.6.30-20260808/Build/Products/Release-iphoneos

ProcessXCFramework /Volumes/AI/Codex/四川麻将工程_20260701_v2/build/ios/SichuanMahjong-2.6.30-ios-xcode/SichuanMahjongIOS/dylibs/ExportRelease/SichuanMahjong.Godot_aot.xcframework /Volumes/AI/Codex/四川麻将工程_20260701_v2/build/ios/DerivedData-2.6.30-20260808/Build/Products/Release-iphoneos/SichuanMahjong.Godot.framework ios
    cd /Volumes/AI/Codex/四川麻将工程_20260701_v2/build/ios/SichuanMahjong-2.6.30-ios-xcode/SichuanMahjongIOS.xcodeproj
    builtin-process-xcframework --xcframework /Volumes/AI/Codex/四川麻将工程_20260701_v2/build/ios/SichuanMahjong-2.6.30-ios-xcode/SichuanMahjongIOS/dylibs/ExportRelease/SichuanMahjong.Godot_aot.xcframework --platform ios --target-path /Volumes/AI/Codex/四川麻将工程_20260701_v2/build/ios/DerivedData-2.6.30-20260808/Build/Products/Release-iphoneos

WriteAuxiliaryFile /Volumes/AI/Codex/四川麻将工程_20260701_v2/build/ios/DerivedData-2.6.30-20260808/Build/Intermediates.noindex/SichuanMahjongIOS.build/Release-iphoneos/SichuanMahjongIOS.build/SichuanMahjongIOS-all-non-framework-target-headers.hmap (in target 'SichuanMahjongIOS' from project 'SichuanMahjongIOS')
    cd /Volumes/AI/Codex/四川麻将工程_20260701_v2/build/ios/SichuanMahjong-2.6.30-ios-xcode
    write-file /Volumes/AI/Codex/四川麻将工程_20260701_v2/build/ios/DerivedData-2.6.30-20260808/Build/Intermediates.noindex/SichuanMahjongIOS.build/Release-iphoneos/SichuanMahjongIOS.build/SichuanMahjongIOS-all-non-framework-target-headers.hmap

WriteAuxiliaryFile /Volumes/AI/Codex/四川麻将工程_20260701_v2/build/ios/DerivedData-2.6.30-20260808/Build/Intermediates.noindex/SichuanMahjongIOS.build/Release-iphoneos/SichuanMahjongIOS.build/SichuanMahjongIOS.hmap (in target 'SichuanMahjongIOS' from project 'SichuanMahjongIOS')
    cd /Volumes/AI/Codex/四川麻将工程_20260701_v2/build/ios/SichuanMahjong-2.6.30-ios-xcode
    write-file /Volumes/AI/Codex/四川麻将工程_20260701_v2/build/ios/DerivedData-2.6.30-20260808/Build/Intermediates.noindex/SichuanMahjongIOS.build/Release-iphoneos/SichuanMahjongIOS.build/SichuanMahjongIOS.hmap

WriteAuxiliaryFile /Volumes/AI/Codex/四川麻将工程_20260701_v2/build/ios/DerivedData-2.6.30-20260808/Build/Intermediates.noindex/SichuanMahjongIOS.build/Release-iphoneos/SichuanMahjongIOS.build/SichuanMahjongIOS-own-target-headers.hmap (in target 'SichuanMahjongIOS' from project 'SichuanMahjongIOS')
    cd /Volumes/AI/Codex/四川麻将工程_20260701_v2/build/ios/SichuanMahjong-2.6.30-ios-xcode
    write-file /Volumes/AI/Codex/四川麻将工程_20260701_v2/build/ios/DerivedData-2.6.30-20260808/Build/Intermediates.noindex/SichuanMahjongIOS.build/Release-iphoneos/SichuanMahjongIOS.build/SichuanMahjongIOS-own-target-headers.hmap

WriteAuxiliaryFile /Volumes/AI/Codex/四川麻将工程_20260701_v2/build/ios/DerivedData-2.6.30-20260808/Build/Intermediates.noindex/SichuanMahjongIOS.build/Release-iphoneos/SichuanMahjongIOS.build/SichuanMahjongIOS-generated-files.hmap (in target 'SichuanMahjongIOS' from project 'SichuanMahjongIOS')
    cd /Volumes/AI/Codex/四川麻将工程_20260701_v2/build/ios/SichuanMahjong-2.6.30-ios-xcode
    write-file /Volumes/AI/Codex/四川麻将工程_20260701_v2/build/ios/DerivedData-2.6.30-20260808/Build/Intermediates.noindex/SichuanMahjongIOS.build/Release-iphoneos/SichuanMahjongIOS.build/SichuanMahjongIOS-generated-files.hmap

WriteAuxiliaryFile /Volumes/AI/Codex/四川麻将工程_20260701_v2/build/ios/DerivedData-2.6.30-20260808/Build/Intermediates.noindex/SichuanMahjongIOS.build/Release-iphoneos/SichuanMahjongIOS.build/SichuanMahjongIOS-all-target-headers.hmap (in target 'SichuanMahjongIOS' from project 'SichuanMahjongIOS')
    cd /Volumes/AI/Codex/四川麻将工程_20260701_v2/build/ios/SichuanMahjong-2.6.30-ios-xcode
    write-file /Volumes/AI/Codex/四川麻将工程_20260701_v2/build/ios/DerivedData-2.6.30-20260808/Build/Intermediates.noindex/SichuanMahjongIOS.build/Release-iphoneos/SichuanMahjongIOS.build/SichuanMahjongIOS-all-target-headers.hmap

WriteAuxiliaryFile /Volumes/AI/Codex/四川麻将工程_20260701_v2/build/ios/DerivedData-2.6.30-20260808/Build/Intermediates.noindex/SichuanMahjongIOS.build/Release-iphoneos/SichuanMahjongIOS.build/SichuanMahjongIOS.DependencyStaticMetadataFileList (in target 'SichuanMahjongIOS' from project 'SichuanMahjongIOS')
    cd /Volumes/AI/Codex/四川麻将工程_20260701_v2/build/ios/SichuanMahjong-2.6.30-ios-xcode
    write-file /Volumes/AI/Codex/四川麻将工程_20260701_v2/build/ios/DerivedData-2.6.30-20260808/Build/Intermediates.noindex/SichuanMahjongIOS.build/Release-iphoneos/SichuanMahjongIOS.build/SichuanMahjongIOS.DependencyStaticMetadataFileList

WriteAuxiliaryFile /Volumes/AI/Codex/四川麻将工程_20260701_v2/build/ios/DerivedData-2.6.30-20260808/Build/Intermediates.noindex/SichuanMahjongIOS.build/Release-iphoneos/SichuanMahjongIOS.build/SichuanMahjongIOS-project-headers.hmap (in target 'SichuanMahjongIOS' from project 'SichuanMahjongIOS')
    cd /Volumes/AI/Codex/四川麻将工程_20260701_v2/build/ios/SichuanMahjong-2.6.30-ios-xcode
    write-file /Volumes/AI/Codex/四川麻将工程_20260701_v2/build/ios/DerivedData-2.6.30-20260808/Build/Intermediates.noindex/SichuanMahjongIOS.build/Release-iphoneos/SichuanMahjongIOS.build/SichuanMahjongIOS-project-headers.hmap

WriteAuxiliaryFile /Volumes/AI/Codex/四川麻将工程_20260701_v2/build/ios/DerivedData-2.6.30-20260808/Build/Intermediates.noindex/SichuanMahjongIOS.build/Release-iphoneos/SichuanMahjongIOS.build/Objects-normal/arm64/SichuanMahjongIOS_const_extract_protocols.json (in target 'SichuanMahjongIOS' from project 'SichuanMahjongIOS')
    cd /Volumes/AI/Codex/四川麻将工程_20260701_v2/build/ios/SichuanMahjong-2.6.30-ios-xcode
    write-file /Volumes/AI/Codex/四川麻将工程_20260701_v2/build/ios/DerivedData-2.6.30-20260808/Build/Intermediates.noindex/SichuanMahjongIOS.build/Release-iphoneos/SichuanMahjongIOS.build/Objects-normal/arm64/SichuanMahjongIOS_const_extract_protocols.json

WriteAuxiliaryFile /Volumes/AI/Codex/四川麻将工程_20260701_v2/build/ios/DerivedData-2.6.30-20260808/Build/Intermediates.noindex/SichuanMahjongIOS.build/Release-iphoneos/SichuanMahjongIOS.build/Objects-normal/arm64/SichuanMahjongIOS.LinkFileList (in target 'SichuanMahjongIOS' from project 'SichuanMahjongIOS')
    cd /Volumes/AI/Codex/四川麻将工程_20260701_v2/build/ios/SichuanMahjong-2.6.30-ios-xcode
    write-file /Volumes/AI/Codex/四川麻将工程_20260701_v2/build/ios/DerivedData-2.6.30-20260808/Build/Intermediates.noindex/SichuanMahjongIOS.build/Release-iphoneos/SichuanMahjongIOS.build/Objects-normal/arm64/SichuanMahjongIOS.LinkFileList

WriteAuxiliaryFile /Volumes/AI/Codex/四川麻将工程_20260701_v2/build/ios/DerivedData-2.6.30-20260808/Build/Intermediates.noindex/SichuanMahjongIOS.build/Release-iphoneos/SichuanMahjongIOS.build/SichuanMahjongIOS.DependencyMetadataFileList (in target 'SichuanMahjongIOS' from project 'SichuanMahjongIOS')
    cd /Volumes/AI/Codex/四川麻将工程_20260701_v2/build/ios/SichuanMahjong-2.6.30-ios-xcode
    write-file /Volumes/AI/Codex/四川麻将工程_20260701_v2/build/ios/DerivedData-2.6.30-20260808/Build/Intermediates.noindex/SichuanMahjongIOS.build/Release-iphoneos/SichuanMahjongIOS.build/SichuanMahjongIOS.DependencyMetadataFileList

WriteAuxiliaryFile /Volumes/AI/Codex/四川麻将工程_20260701_v2/build/ios/DerivedData-2.6.30-20260808/Build/Intermediates.noindex/SichuanMahjongIOS.build/Release-iphoneos/SichuanMahjongIOS.build/Objects-normal/arm64/SichuanMahjongIOS.SwiftFileList (in target 'SichuanMahjongIOS' from project 'SichuanMahjongIOS')
    cd /Volumes/AI/Codex/四川麻将工程_20260701_v2/build/ios/SichuanMahjong-2.6.30-ios-xcode
    write-file /Volumes/AI/Codex/四川麻将工程_20260701_v2/build/ios/DerivedData-2.6.30-20260808/Build/Intermediates.noindex/SichuanMahjongIOS.build/Release-iphoneos/SichuanMahjongIOS.build/Objects-normal/arm64/SichuanMahjongIOS.SwiftFileList

WriteAuxiliaryFile /Volumes/AI/Codex/四川麻将工程_20260701_v2/build/ios/DerivedData-2.6.30-20260808/Build/Intermediates.noindex/SichuanMahjongIOS.build/Release-iphoneos/SichuanMahjongIOS.build/Objects-normal/arm64/SichuanMahjongIOS.SwiftConstValuesFileList (in target 'SichuanMahjongIOS' from project 'SichuanMahjongIOS')
    cd /Volumes/AI/Codex/四川麻将工程_20260701_v2/build/ios/SichuanMahjong-2.6.30-ios-xcode
    write-file /Volumes/AI/Codex/四川麻将工程_20260701_v2/build/ios/DerivedData-2.6.30-20260808/Build/Intermediates.noindex/SichuanMahjongIOS.build/Release-iphoneos/SichuanMahjongIOS.build/Objects-normal/arm64/SichuanMahjongIOS.SwiftConstValuesFileList

WriteAuxiliaryFile /Volumes/AI/Codex/四川麻将工程_20260701_v2/build/ios/DerivedData-2.6.30-20260808/Build/Intermediates.noindex/SichuanMahjongIOS.build/Release-iphoneos/SichuanMahjongIOS.build/Objects-normal/arm64/SichuanMahjongIOS-OutputFileMap.json (in target 'SichuanMahjongIOS' from project 'SichuanMahjongIOS')
    cd /Volumes/AI/Codex/四川麻将工程_20260701_v2/build/ios/SichuanMahjong-2.6.30-ios-xcode
    write-file /Volumes/AI/Codex/四川麻将工程_20260701_v2/build/ios/DerivedData-2.6.30-20260808/Build/Intermediates.noindex/SichuanMahjongIOS.build/Release-iphoneos/SichuanMahjongIOS.build/Objects-normal/arm64/SichuanMahjongIOS-OutputFileMap.json

WriteAuxiliaryFile /Volumes/AI/Codex/四川麻将工程_20260701_v2/build/ios/DerivedData-2.6.30-20260808/Build/Intermediates.noindex/SichuanMahjongIOS.build/Release-iphoneos/SichuanMahjongIOS.build/Objects-normal/arm64/82b82416624d2658e5098eb0a28c15c5-common-args.resp (in target 'SichuanMahjongIOS' from project 'SichuanMahjongIOS')
    cd /Volumes/AI/Codex/四川麻将工程_20260701_v2/build/ios/SichuanMahjong-2.6.30-ios-xcode
    write-file /Volumes/AI/Codex/四川麻将工程_20260701_v2/build/ios/DerivedData-2.6.30-20260808/Build/Intermediates.noindex/SichuanMahjongIOS.build/Release-iphoneos/SichuanMahjongIOS.build/Objects-normal/arm64/82b82416624d2658e5098eb0a28c15c5-common-args.resp
'-std=gnu++11' '-stdlib=libc++' -fmodules -fno-cxx-modules -gmodules '-fmodules-cache-path=/Volumes/AI/Codex/四川麻将工程_20260701_v2/build/ios/DerivedData-2.6.30-20260808/ModuleCache.noindex' -fpascal-strings -Os -g '-fvisibility=hidden' -fvisibility-inlines-hidden -iquote /Volumes/AI/Codex/四川麻将工程_20260701_v2/build/ios/DerivedData-2.6.30-20260808/Build/Intermediates.noindex/SichuanMahjongIOS.build/Release-iphoneos/SichuanMahjongIOS.build/SichuanMahjongIOS-generated-files.hmap -I/Volumes/AI/Codex/四川麻将工程_20260701_v2/build/ios/DerivedData-2.6.30-20260808/Build/Intermediates.noindex/SichuanMahjongIOS.build/Release-iphoneos/SichuanMahjongIOS.build/SichuanMahjongIOS-own-target-headers.hmap -I/Volumes/AI/Codex/四川麻将工程_20260701_v2/build/ios/DerivedData-2.6.30-20260808/Build/Intermediates.noindex/SichuanMahjongIOS.build/Release-iphoneos/SichuanMahjongIOS.build/SichuanMahjongIOS-all-target-headers.hmap -iquote /Volumes/AI/Codex/四川麻将工程_20260701_v2/build/ios/DerivedData-2.6.30-20260808/Build/Intermediates.noindex/SichuanMahjongIOS.build/Release-iphoneos/SichuanMahjongIOS.build/SichuanMahjongIOS-project-headers.hmap -I/Volumes/AI/Codex/四川麻将工程_20260701_v2/build/ios/DerivedData-2.6.30-20260808/Build/Products/Release-iphoneos/include -I/Volumes/AI/Codex/四川麻将工程_20260701_v2/build/ios/DerivedData-2.6.30-20260808/Build/Intermediates.noindex/SichuanMahjongIOS.build/Release-iphoneos/SichuanMahjongIOS.build/DerivedSources-normal/arm64 -I/Volumes/AI/Codex/四川麻将工程_20260701_v2/build/ios/DerivedData-2.6.30-20260808/Build/Intermediates.noindex/SichuanMahjongIOS.build/Release-iphoneos/SichuanMahjongIOS.build/DerivedSources/arm64 -I/Volumes/AI/Codex/四川麻将工程_20260701_v2/build/ios/DerivedData-2.6.30-20260808/Build/Intermediates.noindex/SichuanMahjongIOS.build/Release-iphoneos/SichuanMahjongIOS.build/DerivedSources -F/Volumes/AI/Codex/四川麻将工程_20260701_v2/build/ios/DerivedData-2.6.30-20260808/Build/Products/Release-iphoneos -F. -FMoltenVK.xcframework -FSichuanMahjongIOS -FSichuanMahjongIOS.xcframework -Flibgodot.visionos.debug.xcframework -Flibgodot.visionos.release.xcframework -FMoltenVK.xcframework/ios-arm64 -FMoltenVK.xcframework/ios-arm64_x86_64-maccatalyst -FMoltenVK.xcframework/ios-arm64_x86_64-simulator -FSichuanMahjongIOS/dylibs -FSichuanMahjongIOS.xcframework/ios-arm64 -FSichuanMahjongIOS.xcframework/ios-arm64_x86_64-simulator -Flibgodot.visionos.debug.xcframework/xros-arm64 -Flibgodot.visionos.debug.xcframework/xros-arm64-simulator -Flibgodot.visionos.release.xcframework/xros-arm64 -Flibgodot.visionos.release.xcframework/xros-arm64-simulator -FSichuanMahjongIOS/dylibs/ExportRelease -FSichuanMahjongIOS/dylibs/ExportRelease/SichuanMahjong.Godot_aot.xcframework -FSichuanMahjongIOS/dylibs/ExportRelease/SichuanMahjong.Godot_aot.xcframework/ios-arm64 -FSichuanMahjongIOS/dylibs/ExportRelease/SichuanMahjong.Godot_aot.xcframework/ios-arm64_x86_64-simulator -FSichuanMahjongIOS/dylibs/ExportRelease/SichuanMahjong.Godot_aot.xcframework/ios-arm64/dSYMs -FSichuanMahjongIOS/dylibs/ExportRelease/SichuanMahjong.Godot_aot.xcframework/ios-arm64_x86_64-simulator/dSYMs -FSichuanMahjongIOS/dylibs/ExportRelease/SichuanMahjong.Godot_aot.xcframework/ios-arm64/dSYMs/SichuanMahjong.Godot.framework.dSYM -FSichuanMahjongIOS/dylibs/ExportRelease/SichuanMahjong.Godot_aot.xcframework/ios-arm64_x86_64-simulator/dSYMs/SichuanMahjong.Godot.framework.dSYM

MkDir /Volumes/AI/Codex/四川麻将工程_20260701_v2/build/ios/DerivedData-2.6.30-20260808/Build/Products/Release-iphoneos/SichuanMahjongIOS.app (in target 'SichuanMahjongIOS' from project 'SichuanMahjongIOS')
    cd /Volumes/AI/Codex/四川麻将工程_20260701_v2/build/ios/SichuanMahjong-2.6.30-ios-xcode
    /bin/mkdir -p /Volumes/AI/Codex/四川麻将工程_20260701_v2/build/ios/DerivedData-2.6.30-20260808/Build/Products/Release-iphoneos/SichuanMahjongIOS.app

WriteAuxiliaryFile /Volumes/AI/Codex/四川麻将工程_20260701_v2/build/ios/DerivedData-2.6.30-20260808/Build/Intermediates.noindex/SichuanMahjongIOS.build/Release-iphoneos/SichuanMahjongIOS.build/DerivedSources/Entitlements.plist (in target 'SichuanMahjongIOS' from project 'SichuanMahjongIOS')
    cd /Volumes/AI/Codex/四川麻将工程_20260701_v2/build/ios/SichuanMahjong-2.6.30-ios-xcode
    write-file /Volumes/AI/Codex/四川麻将工程_20260701_v2/build/ios/DerivedData-2.6.30-20260808/Build/Intermediates.noindex/SichuanMahjongIOS.build/Release-iphoneos/SichuanMahjongIOS.build/DerivedSources/Entitlements.plist

MkDir /Volumes/AI/Codex/四川麻将工程_20260701_v2/build/ios/DerivedData-2.6.30-20260808/Build/Products/Release-iphoneos/SichuanMahjongIOS.app/Frameworks (in target 'SichuanMahjongIOS' from project 'SichuanMahjongIOS')
    cd /Volumes/AI/Codex/四川麻将工程_20260701_v2/build/ios/SichuanMahjong-2.6.30-ios-xcode
    /bin/mkdir -p /Volumes/AI/Codex/四川麻将工程_20260701_v2/build/ios/DerivedData-2.6.30-20260808/Build/Products/Release-iphoneos/SichuanMahjongIOS.app/Frameworks

ProcessProductPackaging /Users/chendong/Library/Developer/Xcode/UserData/Provisioning\ Profiles/db1baa0e-3dbc-4c83-9049-a7c3d944a9ed.mobileprovision /Volumes/AI/Codex/四川麻将工程_20260701_v2/build/ios/DerivedData-2.6.30-20260808/Build/Products/Release-iphoneos/SichuanMahjongIOS.app/embedded.mobileprovision (in target 'SichuanMahjongIOS' from project 'SichuanMahjongIOS')
    cd /Volumes/AI/Codex/四川麻将工程_20260701_v2/build/ios/SichuanMahjong-2.6.30-ios-xcode
    builtin-productPackagingUtility /Users/chendong/Library/Developer/Xcode/UserData/Provisioning\ Profiles/db1baa0e-3dbc-4c83-9049-a7c3d944a9ed.mobileprovision -o /Volumes/AI/Codex/四川麻将工程_20260701_v2/build/ios/DerivedData-2.6.30-20260808/Build/Products/Release-iphoneos/SichuanMahjongIOS.app/embedded.mobileprovision

ProcessProductPackaging /Volumes/AI/Codex/四川麻将工程_20260701_v2/build/ios/SichuanMahjong-2.6.30-ios-xcode/SichuanMahjongIOS/SichuanMahjongIOS.entitlements /Volumes/AI/Codex/四川麻将工程_20260701_v2/build/ios/DerivedData-2.6.30-20260808/Build/Intermediates.noindex/SichuanMahjongIOS.build/Release-iphoneos/SichuanMahjongIOS.build/SichuanMahjongIOS.app.xcent (in target 'SichuanMahjongIOS' from project 'SichuanMahjongIOS')
    cd /Volumes/AI/Codex/四川麻将工程_20260701_v2/build/ios/SichuanMahjong-2.6.30-ios-xcode
    
    Entitlements:
    
    {
    "application-identifier" = "FCB4ZVWWD8.com.chendong.sichuanmahjong.iosdev";
    "com.apple.developer.team-identifier" = FCB4ZVWWD8;
    "get-task-allow" = 1;
}
    
    builtin-productPackagingUtility /Volumes/AI/Codex/四川麻将工程_20260701_v2/build/ios/SichuanMahjong-2.6.30-ios-xcode/SichuanMahjongIOS/SichuanMahjongIOS.entitlements -entitlements -format xml -o /Volumes/AI/Codex/四川麻将工程_20260701_v2/build/ios/DerivedData-2.6.30-20260808/Build/Intermediates.noindex/SichuanMahjongIOS.build/Release-iphoneos/SichuanMahjongIOS.build/SichuanMahjongIOS.app.xcent

ProcessProductPackagingDER /Volumes/AI/Codex/四川麻将工程_20260701_v2/build/ios/DerivedData-2.6.30-20260808/Build/Intermediates.noindex/SichuanMahjongIOS.build/Release-iphoneos/SichuanMahjongIOS.build/SichuanMahjongIOS.app.xcent /Volumes/AI/Codex/四川麻将工程_20260701_v2/build/ios/DerivedData-2.6.30-20260808/Build/Intermediates.noindex/SichuanMahjongIOS.build/Release-iphoneos/SichuanMahjongIOS.build/SichuanMahjongIOS.app.xcent.der (in target 'SichuanMahjongIOS' from project 'SichuanMahjongIOS')
    cd /Volumes/AI/Codex/四川麻将工程_20260701_v2/build/ios/SichuanMahjong-2.6.30-ios-xcode
    /usr/bin/derq query -f xml -i /Volumes/AI/Codex/四川麻将工程_20260701_v2/build/ios/DerivedData-2.6.30-20260808/Build/Intermediates.noindex/SichuanMahjongIOS.build/Release-iphoneos/SichuanMahjongIOS.build/SichuanMahjongIOS.app.xcent -o /Volumes/AI/Codex/四川麻将工程_20260701_v2/build/ios/DerivedData-2.6.30-20260808/Build/Intermediates.noindex/SichuanMahjongIOS.build/Release-iphoneos/SichuanMahjongIOS.build/SichuanMahjongIOS.app.xcent.der --raw

GenerateAssetSymbols /Volumes/AI/Codex/四川麻将工程_20260701_v2/build/ios/SichuanMahjong-2.6.30-ios-xcode/SichuanMahjongIOS/Images.xcassets (in target 'SichuanMahjongIOS' from project 'SichuanMahjongIOS')
    cd /Volumes/AI/Codex/四川麻将工程_20260701_v2/build/ios/SichuanMahjong-2.6.30-ios-xcode
    /Volumes/AI/AI工具/Xcode/Xcode.app/Contents/Developer/usr/bin/actool /Volumes/AI/Codex/四川麻将工程_20260701_v2/build/ios/SichuanMahjong-2.6.30-ios-xcode/SichuanMahjongIOS/Images.xcassets --compile /Volumes/AI/Codex/四川麻将工程_20260701_v2/build/ios/DerivedData-2.6.30-20260808/Build/Products/Release-iphoneos/SichuanMahjongIOS.app --output-format human-readable-text --notices --warnings --export-dependency-info /Volumes/AI/Codex/四川麻将工程_20260701_v2/build/ios/DerivedData-2.6.30-20260808/Build/Intermediates.noindex/SichuanMahjongIOS.build/Release-iphoneos/SichuanMahjongIOS.build/assetcatalog_dependencies --output-partial-info-plist /Volumes/AI/Codex/四川麻将工程_20260701_v2/build/ios/DerivedData-2.6.30-20260808/Build/Intermediates.noindex/SichuanMahjongIOS.build/Release-iphoneos/SichuanMahjongIOS.build/assetcatalog_generated_info.plist --app-icon AppIcon --compress-pngs --enable-on-demand-resources YES --development-region en --target-device iphone --target-device ipad --minimum-deployment-target 14.0 --platform iphoneos --bundle-identifier com.chendong.sichuanmahjong.iosdev --generate-swift-asset-symbol-extensions NO --generate-swift-asset-symbols /Volumes/AI/Codex/四川麻将工程_20260701_v2/build/ios/DerivedData-2.6.30-20260808/Build/Intermediates.noindex/SichuanMahjongIOS.build/Release-iphoneos/SichuanMahjongIOS.build/DerivedSources/GeneratedAssetSymbols.swift --generate-objc-asset-symbols /Volumes/AI/Codex/四川麻将工程_20260701_v2/build/ios/DerivedData-2.6.30-20260808/Build/Intermediates.noindex/SichuanMahjongIOS.build/Release-iphoneos/SichuanMahjongIOS.build/DerivedSources/GeneratedAssetSymbols.h --generate-asset-symbol-index /Volumes/AI/Codex/四川麻将工程_20260701_v2/build/ios/DerivedData-2.6.30-20260808/Build/Intermediates.noindex/SichuanMahjongIOS.build/Release-iphoneos/SichuanMahjongIOS.build/DerivedSources/GeneratedAssetSymbols-Index.plist
/* com.apple.actool.compilation-results */
/Volumes/AI/Codex/四川麻将工程_20260701_v2/build/ios/DerivedData-2.6.30-20260808/Build/Intermediates.noindex/SichuanMahjongIOS.build/Release-iphoneos/SichuanMahjongIOS.build/DerivedSources/GeneratedAssetSymbols-Index.plist
/Volumes/AI/Codex/四川麻将工程_20260701_v2/build/ios/DerivedData-2.6.30-20260808/Build/Intermediates.noindex/SichuanMahjongIOS.build/Release-iphoneos/SichuanMahjongIOS.build/DerivedSources/GeneratedAssetSymbols.h
/Volumes/AI/Codex/四川麻将工程_20260701_v2/build/ios/DerivedData-2.6.30-20260808/Build/Intermediates.noindex/SichuanMahjongIOS.build/Release-iphoneos/SichuanMahjongIOS.build/DerivedSources/GeneratedAssetSymbols.swift


CpResource /Volumes/AI/Codex/四川麻将工程_20260701_v2/build/ios/DerivedData-2.6.30-20260808/Build/Products/Release-iphoneos/SichuanMahjongIOS.app/SichuanMahjongIOS.pck /Volumes/AI/Codex/四川麻将工程_20260701_v2/build/ios/SichuanMahjong-2.6.30-ios-xcode/SichuanMahjongIOS.pck (in target 'SichuanMahjongIOS' from project 'SichuanMahjongIOS')
    cd /Volumes/AI/Codex/四川麻将工程_20260701_v2/build/ios/SichuanMahjong-2.6.30-ios-xcode
    builtin-copy -exclude .DS_Store -exclude CVS -exclude .svn -exclude .git -exclude .hg -strip-unsigned-binaries -strip-deterministic -strip-tool /Volumes/AI/AI工具/Xcode/Xcode.app/Contents/Developer/Toolchains/XcodeDefault.xctoolchain/usr/bin/strip -resolve-src-symlinks /Volumes/AI/Codex/四川麻将工程_20260701_v2/build/ios/SichuanMahjong-2.6.30-ios-xcode/SichuanMahjongIOS.pck /Volumes/AI/Codex/四川麻将工程_20260701_v2/build/ios/DerivedData-2.6.30-20260808/Build/Products/Release-iphoneos/SichuanMahjongIOS.app

CpResource /Volumes/AI/Codex/四川麻将工程_20260701_v2/build/ios/DerivedData-2.6.30-20260808/Build/Products/Release-iphoneos/SichuanMahjongIOS.app/PrivacyInfo.xcprivacy /Volumes/AI/Codex/四川麻将工程_20260701_v2/build/ios/SichuanMahjong-2.6.30-ios-xcode/PrivacyInfo.xcprivacy (in target 'SichuanMahjongIOS' from project 'SichuanMahjongIOS')
    cd /Volumes/AI/Codex/四川麻将工程_20260701_v2/build/ios/SichuanMahjong-2.6.30-ios-xcode
    builtin-copy -exclude .DS_Store -exclude CVS -exclude .svn -exclude .git -exclude .hg -strip-unsigned-binaries -strip-deterministic -strip-tool /Volumes/AI/AI工具/Xcode/Xcode.app/Contents/Developer/Toolchains/XcodeDefault.xctoolchain/usr/bin/strip -resolve-src-symlinks /Volumes/AI/Codex/四川麻将工程_20260701_v2/build/ios/SichuanMahjong-2.6.30-ios-xcode/PrivacyInfo.xcprivacy /Volumes/AI/Codex/四川麻将工程_20260701_v2/build/ios/DerivedData-2.6.30-20260808/Build/Products/Release-iphoneos/SichuanMahjongIOS.app

MkDir /Volumes/AI/Codex/四川麻将工程_20260701_v2/build/ios/DerivedData-2.6.30-20260808/Build/Intermediates.noindex/SichuanMahjongIOS.build/Release-iphoneos/SichuanMahjongIOS.build/assetcatalog_output/unthinned (in target 'SichuanMahjongIOS' from project 'SichuanMahjongIOS')
    cd /Volumes/AI/Codex/四川麻将工程_20260701_v2/build/ios/SichuanMahjong-2.6.30-ios-xcode
    /bin/mkdir -p /Volumes/AI/Codex/四川麻将工程_20260701_v2/build/ios/DerivedData-2.6.30-20260808/Build/Intermediates.noindex/SichuanMahjongIOS.build/Release-iphoneos/SichuanMahjongIOS.build/assetcatalog_output/unthinned

MkDir /Volumes/AI/Codex/四川麻将工程_20260701_v2/build/ios/DerivedData-2.6.30-20260808/Build/Intermediates.noindex/SichuanMahjongIOS.build/Release-iphoneos/SichuanMahjongIOS.build/assetcatalog_output/thinned (in target 'SichuanMahjongIOS' from project 'SichuanMahjongIOS')
    cd /Volumes/AI/Codex/四川麻将工程_20260701_v2/build/ios/SichuanMahjong-2.6.30-ios-xcode
    /bin/mkdir -p /Volumes/AI/Codex/四川麻将工程_20260701_v2/build/ios/DerivedData-2.6.30-20260808/Build/Intermediates.noindex/SichuanMahjongIOS.build/Release-iphoneos/SichuanMahjongIOS.build/assetcatalog_output/thinned

CompileStoryboard /Volumes/AI/Codex/四川麻将工程_20260701_v2/build/ios/SichuanMahjong-2.6.30-ios-xcode/SichuanMahjongIOS/Launch\ Screen.storyboard (in target 'SichuanMahjongIOS' from project 'SichuanMahjongIOS')
    cd /Volumes/AI/Codex/四川麻将工程_20260701_v2/build/ios/SichuanMahjong-2.6.30-ios-xcode
    /Volumes/AI/AI工具/Xcode/Xcode.app/Contents/Developer/usr/bin/ibtool --errors --warnings --notices --module SichuanMahjongIOS --output-partial-info-plist /Volumes/AI/Codex/四川麻将工程_20260701_v2/build/ios/DerivedData-2.6.30-20260808/Build/Intermediates.noindex/SichuanMahjongIOS.build/Release-iphoneos/SichuanMahjongIOS.build/Launch\ Screen-SBPartialInfo.plist --auto-activate-custom-fonts --target-device iphone --target-device ipad --minimum-deployment-target 14.0 --output-format human-readable-text /Volumes/AI/Codex/四川麻将工程_20260701_v2/build/ios/SichuanMahjong-2.6.30-ios-xcode/SichuanMahjongIOS/Launch\ Screen.storyboard --compilation-directory /Volumes/AI/Codex/四川麻将工程_20260701_v2/build/ios/DerivedData-2.6.30-20260808/Build/Intermediates.noindex/SichuanMahjongIOS.build/Release-iphoneos/SichuanMahjongIOS.build

CopyStringsFile /Volumes/AI/Codex/四川麻将工程_20260701_v2/build/ios/DerivedData-2.6.30-20260808/Build/Products/Release-iphoneos/SichuanMahjongIOS.app/en.lproj/InfoPlist.strings /Volumes/AI/Codex/四川麻将工程_20260701_v2/build/ios/SichuanMahjong-2.6.30-ios-xcode/SichuanMahjongIOS/en.lproj/InfoPlist.strings (in target 'SichuanMahjongIOS' from project 'SichuanMahjongIOS')
    cd /Volumes/AI/Codex/四川麻将工程_20260701_v2/build/ios/SichuanMahjong-2.6.30-ios-xcode
    builtin-copyStrings --validate --outputencoding binary --outfilename InfoPlist.strings --outdir /Volumes/AI/Codex/四川麻将工程_20260701_v2/build/ios/DerivedData-2.6.30-20260808/Build/Products/Release-iphoneos/SichuanMahjongIOS.app/en.lproj -- /Volumes/AI/Codex/四川麻将工程_20260701_v2/build/ios/SichuanMahjong-2.6.30-ios-xcode/SichuanMahjongIOS/en.lproj/InfoPlist.strings
/Volumes/AI/Codex/四川麻将工程_20260701_v2/build/ios/SichuanMahjong-2.6.30-ios-xcode/SichuanMahjongIOS/en.lproj/InfoPlist.strings:1:1: note: detected encoding of input file as Unicode (UTF-8) (in target 'SichuanMahjongIOS' from project 'SichuanMahjongIOS')

CompileAssetCatalogVariant thinned /Volumes/AI/Codex/四川麻将工程_20260701_v2/build/ios/DerivedData-2.6.30-20260808/Build/Products/Release-iphoneos/SichuanMahjongIOS.app /Volumes/AI/Codex/四川麻将工程_20260701_v2/build/ios/SichuanMahjong-2.6.30-ios-xcode/SichuanMahjongIOS/Images.xcassets (in target 'SichuanMahjongIOS' from project 'SichuanMahjongIOS')
    cd /Volumes/AI/Codex/四川麻将工程_20260701_v2/build/ios/SichuanMahjong-2.6.30-ios-xcode
    /Volumes/AI/AI工具/Xcode/Xcode.app/Contents/Developer/usr/bin/actool /Volumes/AI/Codex/四川麻将工程_20260701_v2/build/ios/SichuanMahjong-2.6.30-ios-xcode/SichuanMahjongIOS/Images.xcassets --compile /Volumes/AI/Codex/四川麻将工程_20260701_v2/build/ios/DerivedData-2.6.30-20260808/Build/Intermediates.noindex/SichuanMahjongIOS.build/Release-iphoneos/SichuanMahjongIOS.build/assetcatalog_output/thinned --output-format human-readable-text --notices --warnings --export-dependency-info /Volumes/AI/Codex/四川麻将工程_20260701_v2/build/ios/DerivedData-2.6.30-20260808/Build/Intermediates.noindex/SichuanMahjongIOS.build/Release-iphoneos/SichuanMahjongIOS.build/assetcatalog_dependencies_thinned --output-partial-info-plist /Volumes/AI/Codex/四川麻将工程_20260701_v2/build/ios/DerivedData-2.6.30-20260808/Build/Intermediates.noindex/SichuanMahjongIOS.build/Release-iphoneos/SichuanMahjongIOS.build/assetcatalog_generated_info.plist_thinned --app-icon AppIcon --compress-pngs --enable-on-demand-resources YES --filter-for-thinning-device-configuration iPhone15,4 --filter-for-device-os-version 26.6 --development-region en --target-device iphone --target-device ipad --minimum-deployment-target 14.0 --platform iphoneos
/* com.apple.actool.compilation-results */
/Volumes/AI/Codex/四川麻将工程_20260701_v2/build/ios/DerivedData-2.6.30-20260808/Build/Intermediates.noindex/SichuanMahjongIOS.build/Release-iphoneos/SichuanMahjongIOS.build/assetcatalog_generated_info.plist_thinned
/Volumes/AI/Codex/四川麻将工程_20260701_v2/build/ios/DerivedData-2.6.30-20260808/Build/Intermediates.noindex/SichuanMahjongIOS.build/Release-iphoneos/SichuanMahjongIOS.build/assetcatalog_output/thinned/AppIcon60x60@2x.png
/Volumes/AI/Codex/四川麻将工程_20260701_v2/build/ios/DerivedData-2.6.30-20260808/Build/Intermediates.noindex/SichuanMahjongIOS.build/Release-iphoneos/SichuanMahjongIOS.build/assetcatalog_output/thinned/AppIcon76x76@2x~ipad.png
/Volumes/AI/Codex/四川麻将工程_20260701_v2/build/ios/DerivedData-2.6.30-20260808/Build/Intermediates.noindex/SichuanMahjongIOS.build/Release-iphoneos/SichuanMahjongIOS.build/assetcatalog_output/thinned/Assets.car


SwiftDriver SichuanMahjongIOS normal arm64 com.apple.xcode.tools.swift.compiler (in target 'SichuanMahjongIOS' from project 'SichuanMahjongIOS')
    cd /Volumes/AI/Codex/四川麻将工程_20260701_v2/build/ios/SichuanMahjong-2.6.30-ios-xcode
    builtin-SwiftDriver -- /Volumes/AI/AI工具/Xcode/Xcode.app/Contents/Developer/Toolchains/XcodeDefault.xctoolchain/usr/bin/swiftc -module-name SichuanMahjongIOS -O @/Volumes/AI/Codex/四川麻将工程_20260701_v2/build/ios/DerivedData-2.6.30-20260808/Build/Intermediates.noindex/SichuanMahjongIOS.build/Release-iphoneos/SichuanMahjongIOS.build/Objects-normal/arm64/SichuanMahjongIOS.SwiftFileList -enable-bare-slash-regex -enable-experimental-feature DebugDescriptionMacro -sdk /Volumes/AI/AI工具/Xcode/Xcode.app/Contents/Developer/Platforms/iPhoneOS.platform/Developer/SDKs/iPhoneOS26.5.sdk -target arm64-apple-ios14.0 -g -module-cache-path /Volumes/AI/Codex/四川麻将工程_20260701_v2/build/ios/DerivedData-2.6.30-20260808/ModuleCache.noindex -Xfrontend -serialize-debugging-options -swift-version 5 -I /Volumes/AI/Codex/四川麻将工程_20260701_v2/build/ios/DerivedData-2.6.30-20260808/Build/Products/Release-iphoneos -F /Volumes/AI/Codex/四川麻将工程_20260701_v2/build/ios/DerivedData-2.6.30-20260808/Build/Products/Release-iphoneos -F . -F MoltenVK.xcframework -F SichuanMahjongIOS -F SichuanMahjongIOS.xcframework -F libgodot.visionos.debug.xcframework -F libgodot.visionos.release.xcframework -F MoltenVK.xcframework/ios-arm64 -F MoltenVK.xcframework/ios-arm64_x86_64-maccatalyst -F MoltenVK.xcframework/ios-arm64_x86_64-simulator -F SichuanMahjongIOS/dylibs -F SichuanMahjongIOS.xcframework/ios-arm64 -F SichuanMahjongIOS.xcframework/ios-arm64_x86_64-simulator -F libgodot.visionos.debug.xcframework/xros-arm64 -F libgodot.visionos.debug.xcframework/xros-arm64-simulator -F libgodot.visionos.release.xcframework/xros-arm64 -F libgodot.visionos.release.xcframework/xros-arm64-simulator -F SichuanMahjongIOS/dylibs/ExportRelease -F SichuanMahjongIOS/dylibs/ExportRelease/SichuanMahjong.Godot_aot.xcframework -F SichuanMahjongIOS/dylibs/ExportRelease/SichuanMahjong.Godot_aot.xcframework/ios-arm64 -F SichuanMahjongIOS/dylibs/ExportRelease/SichuanMahjong.Godot_aot.xcframework/ios-arm64_x86_64-simulator -F SichuanMahjongIOS/dylibs/ExportRelease/SichuanMahjong.Godot_aot.xcframework/ios-arm64/dSYMs -F SichuanMahjongIOS/dylibs/ExportRelease/SichuanMahjong.Godot_aot.xcframework/ios-arm64_x86_64-simulator/dSYMs -F SichuanMahjongIOS/dylibs/ExportRelease/SichuanMahjong.Godot_aot.xcframework/ios-arm64/dSYMs/SichuanMahjong.Godot.framework.dSYM -F SichuanMahjongIOS/dylibs/ExportRelease/SichuanMahjong.Godot_aot.xcframework/ios-arm64_x86_64-simulator/dSYMs/SichuanMahjong.Godot.framework.dSYM -c -j10 -enable-batch-mode -incremental -Xcc -ivfsstatcache -Xcc /Volumes/AI/Codex/四川麻将工程_20260701_v2/build/ios/DerivedData-2.6.30-20260808/SDKStatCaches.noindex/iphoneos26.5-23F81a-f9284011395fa749f30a93b9afd2ba42.sdkstatcache -output-file-map /Volumes/AI/Codex/四川麻将工程_20260701_v2/build/ios/DerivedData-2.6.30-20260808/Build/Intermediates.noindex/SichuanMahjongIOS.build/Release-iphoneos/SichuanMahjongIOS.build/Objects-normal/arm64/SichuanMahjongIOS-OutputFileMap.json -use-frontend-parseable-output -save-temps -no-color-diagnostics -explicit-module-build -module-cache-path /Volumes/AI/Codex/四川麻将工程_20260701_v2/build/ios/DerivedData-2.6.30-20260808/Build/Intermediates.noindex/SwiftExplicitPrecompiledModules -clang-scanner-module-cache-path /Volumes/AI/Codex/四川麻将工程_20260701_v2/build/ios/DerivedData-2.6.30-20260808/ModuleCache.noindex -sdk-module-cache-path /Volumes/AI/Codex/四川麻将工程_20260701_v2/build/ios/DerivedData-2.6.30-20260808/ModuleCache.noindex -serialize-diagnostics -emit-dependencies -emit-module -emit-module-path /Volumes/AI/Codex/四川麻将工程_20260701_v2/build/ios/DerivedData-2.6.30-20260808/Build/Intermediates.noindex/SichuanMahjongIOS.build/Release-iphoneos/SichuanMahjongIOS.build/Objects-normal/arm64/SichuanMahjongIOS.swiftmodule -validate-clang-modules-once -clang-build-session-file /Volumes/AI/Codex/四川麻将工程_20260701_v2/build/ios/DerivedData-2.6.30-20260808/ModuleCache.noindex/Session.modulevalidation -Xcc -I/Volumes/AI/Codex/四川麻将工程_20260701_v2/build/ios/DerivedData-2.6.30-20260808/Build/Intermediates.noindex/SichuanMahjongIOS.build/Release-iphoneos/SichuanMahjongIOS.build/swift-overrides.hmap -emit-const-values -Xfrontend -const-gather-protocols-file -Xfrontend /Volumes/AI/Codex/四川麻将工程_20260701_v2/build/ios/DerivedData-2.6.30-20260808/Build/Intermediates.noindex/SichuanMahjongIOS.build/Release-iphoneos/SichuanMahjongIOS.build/Objects-normal/arm64/SichuanMahjongIOS_const_extract_protocols.json -Xcc -iquote -Xcc /Volumes/AI/Codex/四川麻将工程_20260701_v2/build/ios/DerivedData-2.6.30-20260808/Build/Intermediates.noindex/SichuanMahjongIOS.build/Release-iphoneos/SichuanMahjongIOS.build/SichuanMahjongIOS-generated-files.hmap -Xcc -I/Volumes/AI/Codex/四川麻将工程_20260701_v2/build/ios/DerivedData-2.6.30-20260808/Build/Intermediates.noindex/SichuanMahjongIOS.build/Release-iphoneos/SichuanMahjongIOS.build/SichuanMahjongIOS-own-target-headers.hmap -Xcc -I/Volumes/AI/Codex/四川麻将工程_20260701_v2/build/ios/DerivedData-2.6.30-20260808/Build/Intermediates.noindex/SichuanMahjongIOS.build/Release-iphoneos/SichuanMahjongIOS.build/SichuanMahjongIOS-all-target-headers.hmap -Xcc -iquote -Xcc /Volumes/AI/Codex/四川麻将工程_20260701_v2/build/ios/DerivedData-2.6.30-20260808/Build/Intermediates.noindex/SichuanMahjongIOS.build/Release-iphoneos/SichuanMahjongIOS.build/SichuanMahjongIOS-project-headers.hmap -Xcc -I/Volumes/AI/Codex/四川麻将工程_20260701_v2/build/ios/DerivedData-2.6.30-20260808/Build/Products/Release-iphoneos/include -Xcc -I/Volumes/AI/Codex/四川麻将工程_20260701_v2/build/ios/DerivedData-2.6.30-20260808/Build/Intermediates.noindex/SichuanMahjongIOS.build/Release-iphoneos/SichuanMahjongIOS.build/DerivedSources-normal/arm64 -Xcc -I/Volumes/AI/Codex/四川麻将工程_20260701_v2/build/ios/DerivedData-2.6.30-20260808/Build/Intermediates.noindex/SichuanMahjongIOS.build/Release-iphoneos/SichuanMahjongIOS.build/DerivedSources/arm64 -Xcc -I/Volumes/AI/Codex/四川麻将工程_20260701_v2/build/ios/DerivedData-2.6.30-20260808/Build/Intermediates.noindex/SichuanMahjongIOS.build/Release-iphoneos/SichuanMahjongIOS.build/DerivedSources -emit-objc-header -emit-objc-header-path /Volumes/AI/Codex/四川麻将工程_20260701_v2/build/ios/DerivedData-2.6.30-20260808/Build/Intermediates.noindex/SichuanMahjongIOS.build/Release-iphoneos/SichuanMahjongIOS.build/Objects-normal/arm64/SichuanMahjongIOS-Swift.h -import-objc-header /Volumes/AI/Codex/四川麻将工程_20260701_v2/build/ios/SichuanMahjong-2.6.30-ios-xcode/SichuanMahjongIOS/dummy.h -working-directory /Volumes/AI/Codex/四川麻将工程_20260701_v2/build/ios/SichuanMahjong-2.6.30-ios-xcode -experimental-emit-module-separately -disable-cmo

SwiftExplicitDependencyGeneratePcm arm64 /Volumes/AI/Codex/四川麻将工程_20260701_v2/build/ios/DerivedData-2.6.30-20260808/ModuleCache.noindex/ptrauth-99KQUN5F3APSP0KA4GCGF70K0.pcm

SwiftExplicitDependencyGeneratePcm arm64 /Volumes/AI/Codex/四川麻将工程_20260701_v2/build/ios/DerivedData-2.6.30-20260808/ModuleCache.noindex/ptrcheck-CSYG9V0JE5YLMCDTEJHFV49UU.pcm

SwiftExplicitDependencyGeneratePcm arm64 /Volumes/AI/Codex/四川麻将工程_20260701_v2/build/ios/DerivedData-2.6.30-20260808/ModuleCache.noindex/_Builtin_stddef-79UFR3TU573L2472YQ4CPFT7W.pcm

SwiftExplicitDependencyGeneratePcm arm64 /Volumes/AI/Codex/四川麻将工程_20260701_v2/build/ios/DerivedData-2.6.30-20260808/ModuleCache.noindex/_AvailabilityInternal-D3DY9BNLMALJGZWDCN96EH8NU.pcm

SwiftExplicitDependencyGeneratePcm arm64 /Volumes/AI/Codex/四川麻将工程_20260701_v2/build/ios/DerivedData-2.6.30-20260808/ModuleCache.noindex/SwiftShims-CI10MZLCWJX7IBL0QZIO085XP.pcm

SwiftExplicitDependencyGeneratePcm arm64 /Volumes/AI/Codex/四川麻将工程_20260701_v2/build/ios/DerivedData-2.6.30-20260808/ModuleCache.noindex/DeveloperToolsSupport-CC3DFIQYE4RSCKG04D2AI10A.pcm

SwiftExplicitDependencyGeneratePcm arm64 /Volumes/AI/Codex/四川麻将工程_20260701_v2/build/ios/DerivedData-2.6.30-20260808/ModuleCache.noindex/_Builtin_stdarg-3NKWF706IHLKWCD7PD2HIWK1T.pcm

SwiftExplicitDependencyGeneratePcm arm64 /Volumes/AI/Codex/四川麻将工程_20260701_v2/build/ios/DerivedData-2.6.30-20260808/ModuleCache.noindex/_Builtin_stdbool-3MPYP9CAROCZRD13KZR32KWKX.pcm

SwiftExplicitDependencyGeneratePcm arm64 /Volumes/AI/Codex/四川麻将工程_20260701_v2/build/ios/DerivedData-2.6.30-20260808/ModuleCache.noindex/_Builtin_float-65S37X16E8OT7229H7WTNVNNH.pcm

SwiftExplicitDependencyGeneratePcm arm64 /Volumes/AI/Codex/四川麻将工程_20260701_v2/build/ios/DerivedData-2.6.30-20260808/ModuleCache.noindex/_SwiftConcurrencyShims-3M66W0FP3F5KFZSD3UXKNCDN6.pcm

SwiftExplicitDependencyGeneratePcm arm64 /Volumes/AI/Codex/四川麻将工程_20260701_v2/build/ios/DerivedData-2.6.30-20260808/ModuleCache.noindex/_DarwinFoundation1-2ZCDD3WWBHXBXQCUY94X5VCP0.pcm

SwiftExplicitDependencyGeneratePcm arm64 /Volumes/AI/Codex/四川麻将工程_20260701_v2/build/ios/DerivedData-2.6.30-20260808/ModuleCache.noindex/_DarwinFoundation2-8ND881JKT17QCY4477TPPPFFW.pcm

SwiftExplicitDependencyGeneratePcm arm64 /Volumes/AI/Codex/四川麻将工程_20260701_v2/build/ios/DerivedData-2.6.30-20260808/ModuleCache.noindex/_Builtin_limits-5SNTVR930F822FOQCSFM3SRHO.pcm

SwiftExplicitDependencyGeneratePcm arm64 /Volumes/AI/Codex/四川麻将工程_20260701_v2/build/ios/DerivedData-2.6.30-20260808/ModuleCache.noindex/_Builtin_tgmath-7VQH205MZASG2ZWD7HARE438U.pcm

SwiftExplicitDependencyGeneratePcm arm64 /Volumes/AI/Codex/四川麻将工程_20260701_v2/build/ios/DerivedData-2.6.30-20260808/ModuleCache.noindex/sys_types-CPLK8OHPVAI07CJCXYXXTLFKH.pcm

SwiftExplicitDependencyGeneratePcm arm64 /Volumes/AI/Codex/四川麻将工程_20260701_v2/build/ios/DerivedData-2.6.30-20260808/ModuleCache.noindex/_Builtin_stdint-BOMO9F9V1YSZCH0KKP18LJTY0.pcm

SwiftExplicitDependencyGeneratePcm arm64 /Volumes/AI/Codex/四川麻将工程_20260701_v2/build/ios/DerivedData-2.6.30-20260808/ModuleCache.noindex/_DarwinFoundation3-CW6YSPVDDBOKNOFDARJUXIVDZ.pcm

SwiftExplicitDependencyGeneratePcm arm64 /Volumes/AI/Codex/四川麻将工程_20260701_v2/build/ios/DerivedData-2.6.30-20260808/ModuleCache.noindex/_Builtin_stdatomic-7PN3VIMAZDXRM9PTBNXZPL6EM.pcm

SwiftExplicitDependencyGeneratePcm arm64 /Volumes/AI/Codex/四川麻将工程_20260701_v2/build/ios/DerivedData-2.6.30-20260808/ModuleCache.noindex/_Builtin_intrinsics-9X8WMO229TTBVXAN2HDDLUISM.pcm

SwiftExplicitDependencyGeneratePcm arm64 /Volumes/AI/Codex/四川麻将工程_20260701_v2/build/ios/DerivedData-2.6.30-20260808/ModuleCache.noindex/_Builtin_inttypes-TP8X5NG1XDBO5CUQJPQC8I3G.pcm

SwiftExplicitDependencyGeneratePcm arm64 /Volumes/AI/Codex/四川麻将工程_20260701_v2/build/ios/DerivedData-2.6.30-20260808/ModuleCache.noindex/Darwin-RGJH75FEZG6XERBWVC24CGD8.pcm

SwiftExplicitDependencyGeneratePcm arm64 /Volumes/AI/Codex/四川麻将工程_20260701_v2/build/ios/DerivedData-2.6.30-20260808/ModuleCache.noindex/simd-3XYNT0C2PVVGIFUN2HQ8FVBFP.pcm

SwiftExplicitDependencyGeneratePcm arm64 /Volumes/AI/Codex/四川麻将工程_20260701_v2/build/ios/DerivedData-2.6.30-20260808/ModuleCache.noindex/ObjectiveC-EBCFQB8X9CSK66CRI8VE37IFH.pcm

SwiftExplicitDependencyGeneratePcm arm64 /Volumes/AI/Codex/四川麻将工程_20260701_v2/build/ios/DerivedData-2.6.30-20260808/ModuleCache.noindex/MachO-EF3L7UMN2HROOHCJXUKV4SEQQ.pcm

SwiftExplicitDependencyGeneratePcm arm64 /Volumes/AI/Codex/四川麻将工程_20260701_v2/build/ios/DerivedData-2.6.30-20260808/ModuleCache.noindex/os_object-AU88IYY2JYBY6D5KLAR24HXRT.pcm

SwiftExplicitDependencyGeneratePcm arm64 /Volumes/AI/Codex/四川麻将工程_20260701_v2/build/ios/DerivedData-2.6.30-20260808/ModuleCache.noindex/os_workgroup-33OE52UYGONUQY00X4HKF0DYL.pcm

SwiftExplicitDependencyGeneratePcm arm64 /Volumes/AI/Codex/四川麻将工程_20260701_v2/build/ios/DerivedData-2.6.30-20260808/ModuleCache.noindex/Spatial-RGHMVPPKWI64VFCDUCFJRP7N.pcm

SwiftExplicitDependencyGeneratePcm arm64 /Volumes/AI/Codex/四川麻将工程_20260701_v2/build/ios/DerivedData-2.6.30-20260808/ModuleCache.noindex/Dispatch-BAJA9QQYMF8G1D1H2N3NHFBQX.pcm

SwiftExplicitDependencyGeneratePcm arm64 /Volumes/AI/Codex/四川麻将工程_20260701_v2/build/ios/DerivedData-2.6.30-20260808/ModuleCache.noindex/XPC-9JJSUX8J3QILIXF186OGKSAGN.pcm

SwiftExplicitDependencyGeneratePcm arm64 /Volumes/AI/Codex/四川麻将工程_20260701_v2/build/ios/DerivedData-2.6.30-20260808/ModuleCache.noindex/CoreFoundation-1OGUJTUTB8Q25TMHM82LYUUSF.pcm

SwiftExplicitDependencyGeneratePcm arm64 /Volumes/AI/Codex/四川麻将工程_20260701_v2/build/ios/DerivedData-2.6.30-20260808/ModuleCache.noindex/os-4A2KZYZGUMGZBGQTXKUDNA0U8.pcm

SwiftExplicitDependencyGeneratePcm arm64 /Volumes/AI/Codex/四川麻将工程_20260701_v2/build/ios/DerivedData-2.6.30-20260808/ModuleCache.noindex/Security-YE1YWCGWOM47LGJUG6JHYSQ6.pcm

SwiftExplicitDependencyGeneratePcm arm64 /Volumes/AI/Codex/四川麻将工程_20260701_v2/build/ios/DerivedData-2.6.30-20260808/ModuleCache.noindex/CoreGraphics-DB0FNS95SOP3JSWYITN1XI5C5.pcm

SwiftExplicitDependencyGeneratePcm arm64 /Volumes/AI/Codex/四川麻将工程_20260701_v2/build/ios/DerivedData-2.6.30-20260808/ModuleCache.noindex/CFNetwork-8PCEQ38VE2KCXG0RB8D7PVR5B.pcm

SwiftExplicitDependencyGeneratePcm arm64 /Volumes/AI/Codex/四川麻将工程_20260701_v2/build/ios/DerivedData-2.6.30-20260808/ModuleCache.noindex/Foundation-AV2TZJAFD01HNSDU343FSL6RX.pcm

SwiftExplicitDependencyGeneratePcm arm64 /Volumes/AI/Codex/四川麻将工程_20260701_v2/build/ios/DerivedData-2.6.30-20260808/ModuleCache.noindex/ImageIO-1T1HHGPEDHWBM4ER4BIPQXD51.pcm

SwiftExplicitDependencyGeneratePcm arm64 /Volumes/AI/Codex/四川麻将工程_20260701_v2/build/ios/DerivedData-2.6.30-20260808/ModuleCache.noindex/CoreText-E8906DAS5NPCNJ0CX6KUZEUGX.pcm

SwiftExplicitDependencyGeneratePcm arm64 /Volumes/AI/Codex/四川麻将工程_20260701_v2/build/ios/DerivedData-2.6.30-20260808/ModuleCache.noindex/OSLog-E65OC88Q677BX50X3XR6C7L64.pcm

SwiftExplicitDependencyGeneratePcm arm64 /Volumes/AI/Codex/四川麻将工程_20260701_v2/build/ios/DerivedData-2.6.30-20260808/ModuleCache.noindex/DataDetection-HVF3BFUZKPT1AG59GHENWN6V.pcm

SwiftExplicitDependencyGeneratePcm arm64 /Volumes/AI/Codex/四川麻将工程_20260701_v2/build/ios/DerivedData-2.6.30-20260808/ModuleCache.noindex/Symbols-99NTKUV5Y98EDY7ZQPTH5Y9AV.pcm

SwiftExplicitDependencyGeneratePcm arm64 /Volumes/AI/Codex/四川麻将工程_20260701_v2/build/ios/DerivedData-2.6.30-20260808/ModuleCache.noindex/UniformTypeIdentifiers-1X6GDXPRMQSP7JQNT1IX6P0FO.pcm

SwiftExplicitDependencyGeneratePcm arm64 /Volumes/AI/Codex/四川麻将工程_20260701_v2/build/ios/DerivedData-2.6.30-20260808/ModuleCache.noindex/CoreTransferable-75SDZ54YEU7PWX85QT77OEVDD.pcm

SwiftExplicitDependencyGeneratePcm arm64 /Volumes/AI/Codex/四川麻将工程_20260701_v2/build/ios/DerivedData-2.6.30-20260808/ModuleCache.noindex/UIUtilities-AHXJQBSIRUIR3Y5FJ7XD62EL1.pcm

SwiftExplicitDependencyGeneratePcm arm64 /Volumes/AI/Codex/四川麻将工程_20260701_v2/build/ios/DerivedData-2.6.30-20260808/ModuleCache.noindex/IOSurface-6SV4EYJCFTZ88F8530L9SSVE6.pcm

SwiftExplicitDependencyGeneratePcm arm64 /Volumes/AI/Codex/四川麻将工程_20260701_v2/build/ios/DerivedData-2.6.30-20260808/ModuleCache.noindex/Accessibility-E98A4ZITJSIMJ039DGR9X2KQQ.pcm

SwiftExplicitDependencyGeneratePcm arm64 /Volumes/AI/Codex/四川麻将工程_20260701_v2/build/ios/DerivedData-2.6.30-20260808/ModuleCache.noindex/UserNotifications-2JOZ4OHVY4IXG7MYS5DMLI4O6.pcm

SwiftExplicitDependencyGeneratePcm arm64 /Volumes/AI/Codex/四川麻将工程_20260701_v2/build/ios/DerivedData-2.6.30-20260808/ModuleCache.noindex/FileProvider-32MUY7TR3VMC61IBPGRKS7PQ3.pcm

SwiftExplicitDependencyGeneratePcm arm64 /Volumes/AI/Codex/四川麻将工程_20260701_v2/build/ios/DerivedData-2.6.30-20260808/ModuleCache.noindex/CoreData-DRFKTGGHI6I8GQANSLAWGVUAX.pcm

SwiftExplicitDependencyGeneratePcm arm64 /Volumes/AI/Codex/四川麻将工程_20260701_v2/build/ios/DerivedData-2.6.30-20260808/ModuleCache.noindex/OpenGLES-6WZBRVKZP79FP1286ZYXHR8V0.pcm

SwiftExplicitDependencyGeneratePcm arm64 /Volumes/AI/Codex/四川麻将工程_20260701_v2/build/ios/DerivedData-2.6.30-20260808/ModuleCache.noindex/Metal-EGZ5FX1INKHZ0XYAN5G56U2U4.pcm

SwiftExplicitDependencyGeneratePcm arm64 /Volumes/AI/Codex/四川麻将工程_20260701_v2/build/ios/DerivedData-2.6.30-20260808/ModuleCache.noindex/CoreVideo-AF3VWOZLD0GIFQIJOUC7BQMN3.pcm

LinkStoryboards (in target 'SichuanMahjongIOS' from project 'SichuanMahjongIOS')
    cd /Volumes/AI/Codex/四川麻将工程_20260701_v2/build/ios/SichuanMahjong-2.6.30-ios-xcode
    /Volumes/AI/AI工具/Xcode/Xcode.app/Contents/Developer/usr/bin/ibtool --errors --warnings --notices --module SichuanMahjongIOS --target-device iphone --target-device ipad --minimum-deployment-target 14.0 --output-format human-readable-text --link /Volumes/AI/Codex/四川麻将工程_20260701_v2/build/ios/DerivedData-2.6.30-20260808/Build/Products/Release-iphoneos/SichuanMahjongIOS.app /Volumes/AI/Codex/四川麻将工程_20260701_v2/build/ios/DerivedData-2.6.30-20260808/Build/Intermediates.noindex/SichuanMahjongIOS.build/Release-iphoneos/SichuanMahjongIOS.build/Launch\ Screen.storyboardc

SwiftExplicitDependencyGeneratePcm arm64 /Volumes/AI/Codex/四川麻将工程_20260701_v2/build/ios/DerivedData-2.6.30-20260808/ModuleCache.noindex/QuartzCore-3D8T9XJE08L1YJ1DN533695E.pcm

SwiftExplicitDependencyGeneratePcm arm64 /Volumes/AI/Codex/四川麻将工程_20260701_v2/build/ios/DerivedData-2.6.30-20260808/ModuleCache.noindex/CoreImage-BG8LWZGFEE2G0FIH99YAT1X19.pcm

SwiftExplicitDependencyGeneratePcm arm64 /Volumes/AI/Codex/四川麻将工程_20260701_v2/build/ios/DerivedData-2.6.30-20260808/ModuleCache.noindex/SwiftUICore-7B92LMWELK5FJVPQEKVI29WCO.pcm

SwiftExplicitDependencyGeneratePcm arm64 /Volumes/AI/Codex/四川麻将工程_20260701_v2/build/ios/DerivedData-2.6.30-20260808/ModuleCache.noindex/UIKit-4TOAXFPP2S9FLPFC0B9DV8J74.pcm

SwiftExplicitDependencyGeneratePcm arm64 /Volumes/AI/Codex/四川麻将工程_20260701_v2/build/ios/DerivedData-2.6.30-20260808/ModuleCache.noindex/SwiftUI-3AQI9AQI3S3HITPNNYDH7WJDX.pcm

SwiftGeneratePch normal arm64 Compiling\ bridging\ header (in target 'SichuanMahjongIOS' from project 'SichuanMahjongIOS')
1 warning generated.
/Volumes/AI/Codex/四川麻将工程_20260701_v2/build/ios/SichuanMahjong-2.6.30-ios-xcode/SichuanMahjongIOS/dummy.h:31:9: warning: #pragma once in main file
29 | /**************************************************************************/
30 | 
31 | #pragma once
   |         `- warning: #pragma once in main file
32 | 
33 | // #import <Foundation/Foundation.h>

SwiftDriverJobDiscovery normal arm64 Compiling bridging header (in target 'SichuanMahjongIOS' from project 'SichuanMahjongIOS')

SwiftEmitModule normal arm64 Emitting\ module\ for\ SichuanMahjongIOS (in target 'SichuanMahjongIOS' from project 'SichuanMahjongIOS')

EmitSwiftModule normal arm64 (in target 'SichuanMahjongIOS' from project 'SichuanMahjongIOS')
    cd /Volumes/AI/Codex/四川麻将工程_20260701_v2/build/ios/SichuanMahjong-2.6.30-ios-xcode
    

SwiftCompile normal arm64 Compiling\ dummy.swift /Volumes/AI/Codex/四川麻将工程_20260701_v2/build/ios/SichuanMahjong-2.6.30-ios-xcode/SichuanMahjongIOS/dummy.swift (in target 'SichuanMahjongIOS' from project 'SichuanMahjongIOS')

SwiftCompile normal arm64 /Volumes/AI/Codex/四川麻将工程_20260701_v2/build/ios/SichuanMahjong-2.6.30-ios-xcode/SichuanMahjongIOS/dummy.swift (in target 'SichuanMahjongIOS' from project 'SichuanMahjongIOS')
    cd /Volumes/AI/Codex/四川麻将工程_20260701_v2/build/ios/SichuanMahjong-2.6.30-ios-xcode
    

SwiftCompile normal arm64 Compiling\ GeneratedAssetSymbols.swift /Volumes/AI/Codex/四川麻将工程_20260701_v2/build/ios/DerivedData-2.6.30-20260808/Build/Intermediates.noindex/SichuanMahjongIOS.build/Release-iphoneos/SichuanMahjongIOS.build/DerivedSources/GeneratedAssetSymbols.swift (in target 'SichuanMahjongIOS' from project 'SichuanMahjongIOS')

SwiftCompile normal arm64 /Volumes/AI/Codex/四川麻将工程_20260701_v2/build/ios/DerivedData-2.6.30-20260808/Build/Intermediates.noindex/SichuanMahjongIOS.build/Release-iphoneos/SichuanMahjongIOS.build/DerivedSources/GeneratedAssetSymbols.swift (in target 'SichuanMahjongIOS' from project 'SichuanMahjongIOS')
    cd /Volumes/AI/Codex/四川麻将工程_20260701_v2/build/ios/SichuanMahjong-2.6.30-ios-xcode
    

SwiftDriverJobDiscovery normal arm64 Compiling dummy.swift (in target 'SichuanMahjongIOS' from project 'SichuanMahjongIOS')

SwiftDriverJobDiscovery normal arm64 Emitting module for SichuanMahjongIOS (in target 'SichuanMahjongIOS' from project 'SichuanMahjongIOS')

SwiftDriver\ Compilation\ Requirements SichuanMahjongIOS normal arm64 com.apple.xcode.tools.swift.compiler (in target 'SichuanMahjongIOS' from project 'SichuanMahjongIOS')
    cd /Volumes/AI/Codex/四川麻将工程_20260701_v2/build/ios/SichuanMahjong-2.6.30-ios-xcode
    builtin-Swift-Compilation-Requirements -- /Volumes/AI/AI工具/Xcode/Xcode.app/Contents/Developer/Toolchains/XcodeDefault.xctoolchain/usr/bin/swiftc -module-name SichuanMahjongIOS -O @/Volumes/AI/Codex/四川麻将工程_20260701_v2/build/ios/DerivedData-2.6.30-20260808/Build/Intermediates.noindex/SichuanMahjongIOS.build/Release-iphoneos/SichuanMahjongIOS.build/Objects-normal/arm64/SichuanMahjongIOS.SwiftFileList -enable-bare-slash-regex -enable-experimental-feature DebugDescriptionMacro -sdk /Volumes/AI/AI工具/Xcode/Xcode.app/Contents/Developer/Platforms/iPhoneOS.platform/Developer/SDKs/iPhoneOS26.5.sdk -target arm64-apple-ios14.0 -g -module-cache-path /Volumes/AI/Codex/四川麻将工程_20260701_v2/build/ios/DerivedData-2.6.30-20260808/ModuleCache.noindex -Xfrontend -serialize-debugging-options -swift-version 5 -I /Volumes/AI/Codex/四川麻将工程_20260701_v2/build/ios/DerivedData-2.6.30-20260808/Build/Products/Release-iphoneos -F /Volumes/AI/Codex/四川麻将工程_20260701_v2/build/ios/DerivedData-2.6.30-20260808/Build/Products/Release-iphoneos -F . -F MoltenVK.xcframework -F SichuanMahjongIOS -F SichuanMahjongIOS.xcframework -F libgodot.visionos.debug.xcframework -F libgodot.visionos.release.xcframework -F MoltenVK.xcframework/ios-arm64 -F MoltenVK.xcframework/ios-arm64_x86_64-maccatalyst -F MoltenVK.xcframework/ios-arm64_x86_64-simulator -F SichuanMahjongIOS/dylibs -F SichuanMahjongIOS.xcframework/ios-arm64 -F SichuanMahjongIOS.xcframework/ios-arm64_x86_64-simulator -F libgodot.visionos.debug.xcframework/xros-arm64 -F libgodot.visionos.debug.xcframework/xros-arm64-simulator -F libgodot.visionos.release.xcframework/xros-arm64 -F libgodot.visionos.release.xcframework/xros-arm64-simulator -F SichuanMahjongIOS/dylibs/ExportRelease -F SichuanMahjongIOS/dylibs/ExportRelease/SichuanMahjong.Godot_aot.xcframework -F SichuanMahjongIOS/dylibs/ExportRelease/SichuanMahjong.Godot_aot.xcframework/ios-arm64 -F SichuanMahjongIOS/dylibs/ExportRelease/SichuanMahjong.Godot_aot.xcframework/ios-arm64_x86_64-simulator -F SichuanMahjongIOS/dylibs/ExportRelease/SichuanMahjong.Godot_aot.xcframework/ios-arm64/dSYMs -F SichuanMahjongIOS/dylibs/ExportRelease/SichuanMahjong.Godot_aot.xcframework/ios-arm64_x86_64-simulator/dSYMs -F SichuanMahjongIOS/dylibs/ExportRelease/SichuanMahjong.Godot_aot.xcframework/ios-arm64/dSYMs/SichuanMahjong.Godot.framework.dSYM -F SichuanMahjongIOS/dylibs/ExportRelease/SichuanMahjong.Godot_aot.xcframework/ios-arm64_x86_64-simulator/dSYMs/SichuanMahjong.Godot.framework.dSYM -c -j10 -enable-batch-mode -incremental -Xcc -ivfsstatcache -Xcc /Volumes/AI/Codex/四川麻将工程_20260701_v2/build/ios/DerivedData-2.6.30-20260808/SDKStatCaches.noindex/iphoneos26.5-23F81a-f9284011395fa749f30a93b9afd2ba42.sdkstatcache -output-file-map /Volumes/AI/Codex/四川麻将工程_20260701_v2/build/ios/DerivedData-2.6.30-20260808/Build/Intermediates.noindex/SichuanMahjongIOS.build/Release-iphoneos/SichuanMahjongIOS.build/Objects-normal/arm64/SichuanMahjongIOS-OutputFileMap.json -use-frontend-parseable-output -save-temps -no-color-diagnostics -explicit-module-build -module-cache-path /Volumes/AI/Codex/四川麻将工程_20260701_v2/build/ios/DerivedData-2.6.30-20260808/Build/Intermediates.noindex/SwiftExplicitPrecompiledModules -clang-scanner-module-cache-path /Volumes/AI/Codex/四川麻将工程_20260701_v2/build/ios/DerivedData-2.6.30-20260808/ModuleCache.noindex -sdk-module-cache-path /Volumes/AI/Codex/四川麻将工程_20260701_v2/build/ios/DerivedData-2.6.30-20260808/ModuleCache.noindex -serialize-diagnostics -emit-dependencies -emit-module -emit-module-path /Volumes/AI/Codex/四川麻将工程_20260701_v2/build/ios/DerivedData-2.6.30-20260808/Build/Intermediates.noindex/SichuanMahjongIOS.build/Release-iphoneos/SichuanMahjongIOS.build/Objects-normal/arm64/SichuanMahjongIOS.swiftmodule -validate-clang-modules-once -clang-build-session-file /Volumes/AI/Codex/四川麻将工程_20260701_v2/build/ios/DerivedData-2.6.30-20260808/ModuleCache.noindex/Session.modulevalidation -Xcc -I/Volumes/AI/Codex/四川麻将工程_20260701_v2/build/ios/DerivedData-2.6.30-20260808/Build/Intermediates.noindex/SichuanMahjongIOS.build/Release-iphoneos/SichuanMahjongIOS.build/swift-overrides.hmap -emit-const-values -Xfrontend -const-gather-protocols-file -Xfrontend /Volumes/AI/Codex/四川麻将工程_20260701_v2/build/ios/DerivedData-2.6.30-20260808/Build/Intermediates.noindex/SichuanMahjongIOS.build/Release-iphoneos/SichuanMahjongIOS.build/Objects-normal/arm64/SichuanMahjongIOS_const_extract_protocols.json -Xcc -iquote -Xcc /Volumes/AI/Codex/四川麻将工程_20260701_v2/build/ios/DerivedData-2.6.30-20260808/Build/Intermediates.noindex/SichuanMahjongIOS.build/Release-iphoneos/SichuanMahjongIOS.build/SichuanMahjongIOS-generated-files.hmap -Xcc -I/Volumes/AI/Codex/四川麻将工程_20260701_v2/build/ios/DerivedData-2.6.30-20260808/Build/Intermediates.noindex/SichuanMahjongIOS.build/Release-iphoneos/SichuanMahjongIOS.build/SichuanMahjongIOS-own-target-headers.hmap -Xcc -I/Volumes/AI/Codex/四川麻将工程_20260701_v2/build/ios/DerivedData-2.6.30-20260808/Build/Intermediates.noindex/SichuanMahjongIOS.build/Release-iphoneos/SichuanMahjongIOS.build/SichuanMahjongIOS-all-target-headers.hmap -Xcc -iquote -Xcc /Volumes/AI/Codex/四川麻将工程_20260701_v2/build/ios/DerivedData-2.6.30-20260808/Build/Intermediates.noindex/SichuanMahjongIOS.build/Release-iphoneos/SichuanMahjongIOS.build/SichuanMahjongIOS-project-headers.hmap -Xcc -I/Volumes/AI/Codex/四川麻将工程_20260701_v2/build/ios/DerivedData-2.6.30-20260808/Build/Products/Release-iphoneos/include -Xcc -I/Volumes/AI/Codex/四川麻将工程_20260701_v2/build/ios/DerivedData-2.6.30-20260808/Build/Intermediates.noindex/SichuanMahjongIOS.build/Release-iphoneos/SichuanMahjongIOS.build/DerivedSources-normal/arm64 -Xcc -I/Volumes/AI/Codex/四川麻将工程_20260701_v2/build/ios/DerivedData-2.6.30-20260808/Build/Intermediates.noindex/SichuanMahjongIOS.build/Release-iphoneos/SichuanMahjongIOS.build/DerivedSources/arm64 -Xcc -I/Volumes/AI/Codex/四川麻将工程_20260701_v2/build/ios/DerivedData-2.6.30-20260808/Build/Intermediates.noindex/SichuanMahjongIOS.build/Release-iphoneos/SichuanMahjongIOS.build/DerivedSources -emit-objc-header -emit-objc-header-path /Volumes/AI/Codex/四川麻将工程_20260701_v2/build/ios/DerivedData-2.6.30-20260808/Build/Intermediates.noindex/SichuanMahjongIOS.build/Release-iphoneos/SichuanMahjongIOS.build/Objects-normal/arm64/SichuanMahjongIOS-Swift.h -import-objc-header /Volumes/AI/Codex/四川麻将工程_20260701_v2/build/ios/SichuanMahjong-2.6.30-ios-xcode/SichuanMahjongIOS/dummy.h -working-directory /Volumes/AI/Codex/四川麻将工程_20260701_v2/build/ios/SichuanMahjong-2.6.30-ios-xcode -experimental-emit-module-separately -disable-cmo

SwiftMergeGeneratedHeaders /Volumes/AI/Codex/四川麻将工程_20260701_v2/build/ios/DerivedData-2.6.30-20260808/Build/Intermediates.noindex/SichuanMahjongIOS.build/Release-iphoneos/SichuanMahjongIOS.build/DerivedSources/SichuanMahjongIOS-Swift.h /Volumes/AI/Codex/四川麻将工程_20260701_v2/build/ios/DerivedData-2.6.30-20260808/Build/Intermediates.noindex/SichuanMahjongIOS.build/Release-iphoneos/SichuanMahjongIOS.build/Objects-normal/arm64/SichuanMahjongIOS-Swift.h (in target 'SichuanMahjongIOS' from project 'SichuanMahjongIOS')
    cd /Volumes/AI/Codex/四川麻将工程_20260701_v2/build/ios/SichuanMahjong-2.6.30-ios-xcode
    builtin-swiftHeaderTool -arch arm64 /Volumes/AI/Codex/四川麻将工程_20260701_v2/build/ios/DerivedData-2.6.30-20260808/Build/Intermediates.noindex/SichuanMahjongIOS.build/Release-iphoneos/SichuanMahjongIOS.build/Objects-normal/arm64/SichuanMahjongIOS-Swift.h -o /Volumes/AI/Codex/四川麻将工程_20260701_v2/build/ios/DerivedData-2.6.30-20260808/Build/Intermediates.noindex/SichuanMahjongIOS.build/Release-iphoneos/SichuanMahjongIOS.build/DerivedSources/SichuanMahjongIOS-Swift.h

Copy /Volumes/AI/Codex/四川麻将工程_20260701_v2/build/ios/DerivedData-2.6.30-20260808/Build/Products/Release-iphoneos/SichuanMahjongIOS.swiftmodule/arm64-apple-ios.swiftdoc /Volumes/AI/Codex/四川麻将工程_20260701_v2/build/ios/DerivedData-2.6.30-20260808/Build/Intermediates.noindex/SichuanMahjongIOS.build/Release-iphoneos/SichuanMahjongIOS.build/Objects-normal/arm64/SichuanMahjongIOS.swiftdoc (in target 'SichuanMahjongIOS' from project 'SichuanMahjongIOS')
    cd /Volumes/AI/Codex/四川麻将工程_20260701_v2/build/ios/SichuanMahjong-2.6.30-ios-xcode
    builtin-copy -exclude .DS_Store -exclude CVS -exclude .svn -exclude .git -exclude .hg -strip-unsigned-binaries -strip-deterministic -strip-tool /Volumes/AI/AI工具/Xcode/Xcode.app/Contents/Developer/Toolchains/XcodeDefault.xctoolchain/usr/bin/strip -resolve-src-symlinks -rename /Volumes/AI/Codex/四川麻将工程_20260701_v2/build/ios/DerivedData-2.6.30-20260808/Build/Intermediates.noindex/SichuanMahjongIOS.build/Release-iphoneos/SichuanMahjongIOS.build/Objects-normal/arm64/SichuanMahjongIOS.swiftdoc /Volumes/AI/Codex/四川麻将工程_20260701_v2/build/ios/DerivedData-2.6.30-20260808/Build/Products/Release-iphoneos/SichuanMahjongIOS.swiftmodule/arm64-apple-ios.swiftdoc

Copy /Volumes/AI/Codex/四川麻将工程_20260701_v2/build/ios/DerivedData-2.6.30-20260808/Build/Products/Release-iphoneos/SichuanMahjongIOS.swiftmodule/arm64-apple-ios.abi.json /Volumes/AI/Codex/四川麻将工程_20260701_v2/build/ios/DerivedData-2.6.30-20260808/Build/Intermediates.noindex/SichuanMahjongIOS.build/Release-iphoneos/SichuanMahjongIOS.build/Objects-normal/arm64/SichuanMahjongIOS.abi.json (in target 'SichuanMahjongIOS' from project 'SichuanMahjongIOS')
    cd /Volumes/AI/Codex/四川麻将工程_20260701_v2/build/ios/SichuanMahjong-2.6.30-ios-xcode
    builtin-copy -exclude .DS_Store -exclude CVS -exclude .svn -exclude .git -exclude .hg -strip-unsigned-binaries -strip-deterministic -strip-tool /Volumes/AI/AI工具/Xcode/Xcode.app/Contents/Developer/Toolchains/XcodeDefault.xctoolchain/usr/bin/strip -resolve-src-symlinks -rename /Volumes/AI/Codex/四川麻将工程_20260701_v2/build/ios/DerivedData-2.6.30-20260808/Build/Intermediates.noindex/SichuanMahjongIOS.build/Release-iphoneos/SichuanMahjongIOS.build/Objects-normal/arm64/SichuanMahjongIOS.abi.json /Volumes/AI/Codex/四川麻将工程_20260701_v2/build/ios/DerivedData-2.6.30-20260808/Build/Products/Release-iphoneos/SichuanMahjongIOS.swiftmodule/arm64-apple-ios.abi.json

Copy /Volumes/AI/Codex/四川麻将工程_20260701_v2/build/ios/DerivedData-2.6.30-20260808/Build/Products/Release-iphoneos/SichuanMahjongIOS.swiftmodule/arm64-apple-ios.swiftmodule /Volumes/AI/Codex/四川麻将工程_20260701_v2/build/ios/DerivedData-2.6.30-20260808/Build/Intermediates.noindex/SichuanMahjongIOS.build/Release-iphoneos/SichuanMahjongIOS.build/Objects-normal/arm64/SichuanMahjongIOS.swiftmodule (in target 'SichuanMahjongIOS' from project 'SichuanMahjongIOS')
    cd /Volumes/AI/Codex/四川麻将工程_20260701_v2/build/ios/SichuanMahjong-2.6.30-ios-xcode
    builtin-copy -exclude .DS_Store -exclude CVS -exclude .svn -exclude .git -exclude .hg -strip-unsigned-binaries -strip-deterministic -strip-tool /Volumes/AI/AI工具/Xcode/Xcode.app/Contents/Developer/Toolchains/XcodeDefault.xctoolchain/usr/bin/strip -resolve-src-symlinks -rename /Volumes/AI/Codex/四川麻将工程_20260701_v2/build/ios/DerivedData-2.6.30-20260808/Build/Intermediates.noindex/SichuanMahjongIOS.build/Release-iphoneos/SichuanMahjongIOS.build/Objects-normal/arm64/SichuanMahjongIOS.swiftmodule /Volumes/AI/Codex/四川麻将工程_20260701_v2/build/ios/DerivedData-2.6.30-20260808/Build/Products/Release-iphoneos/SichuanMahjongIOS.swiftmodule/arm64-apple-ios.swiftmodule

Copy /Volumes/AI/Codex/四川麻将工程_20260701_v2/build/ios/DerivedData-2.6.30-20260808/Build/Products/Release-iphoneos/SichuanMahjongIOS.swiftmodule/Project/arm64-apple-ios.swiftsourceinfo /Volumes/AI/Codex/四川麻将工程_20260701_v2/build/ios/DerivedData-2.6.30-20260808/Build/Intermediates.noindex/SichuanMahjongIOS.build/Release-iphoneos/SichuanMahjongIOS.build/Objects-normal/arm64/SichuanMahjongIOS.swiftsourceinfo (in target 'SichuanMahjongIOS' from project 'SichuanMahjongIOS')
    cd /Volumes/AI/Codex/四川麻将工程_20260701_v2/build/ios/SichuanMahjong-2.6.30-ios-xcode
    builtin-copy -exclude .DS_Store -exclude CVS -exclude .svn -exclude .git -exclude .hg -strip-unsigned-binaries -strip-deterministic -strip-tool /Volumes/AI/AI工具/Xcode/Xcode.app/Contents/Developer/Toolchains/XcodeDefault.xctoolchain/usr/bin/strip -resolve-src-symlinks -rename /Volumes/AI/Codex/四川麻将工程_20260701_v2/build/ios/DerivedData-2.6.30-20260808/Build/Intermediates.noindex/SichuanMahjongIOS.build/Release-iphoneos/SichuanMahjongIOS.build/Objects-normal/arm64/SichuanMahjongIOS.swiftsourceinfo /Volumes/AI/Codex/四川麻将工程_20260701_v2/build/ios/DerivedData-2.6.30-20260808/Build/Products/Release-iphoneos/SichuanMahjongIOS.swiftmodule/Project/arm64-apple-ios.swiftsourceinfo

CompileC /Volumes/AI/Codex/四川麻将工程_20260701_v2/build/ios/DerivedData-2.6.30-20260808/Build/Intermediates.noindex/SichuanMahjongIOS.build/Release-iphoneos/SichuanMahjongIOS.build/Objects-normal/arm64/dummy-6f66b41a71866c880e8a867d142570e6.o /Volumes/AI/Codex/四川麻将工程_20260701_v2/build/ios/SichuanMahjong-2.6.30-ios-xcode/SichuanMahjongIOS/dummy.cpp normal arm64 c++ com.apple.compilers.llvm.clang.1_0.compiler (in target 'SichuanMahjongIOS' from project 'SichuanMahjongIOS')
    cd /Volumes/AI/Codex/四川麻将工程_20260701_v2/build/ios/SichuanMahjong-2.6.30-ios-xcode
    
    Using response file: /Volumes/AI/Codex/四川麻将工程_20260701_v2/build/ios/DerivedData-2.6.30-20260808/Build/Intermediates.noindex/SichuanMahjongIOS.build/Release-iphoneos/SichuanMahjongIOS.build/Objects-normal/arm64/82b82416624d2658e5098eb0a28c15c5-common-args.resp
    
    /Volumes/AI/AI工具/Xcode/Xcode.app/Contents/Developer/Toolchains/XcodeDefault.xctoolchain/usr/bin/clang -x c++ -ivfsstatcache /Volumes/AI/Codex/四川麻将工程_20260701_v2/build/ios/DerivedData-2.6.30-20260808/SDKStatCaches.noindex/iphoneos26.5-23F81a-f9284011395fa749f30a93b9afd2ba42.sdkstatcache -target arm64-apple-ios14.0 -fmessage-length\=0 -fdiagnostics-show-note-include-stack -fmacro-backtrace-limit\=0 -fno-color-diagnostics -fmodules-prune-interval\=86400 -fmodules-prune-after\=345600 -fbuild-session-file\=/Volumes/AI/Codex/四川麻将工程_20260701_v2/build/ios/DerivedData-2.6.30-20260808/ModuleCache.noindex/Session.modulevalidation -fmodules-validate-once-per-build-session -Wnon-modular-include-in-framework-module -Werror\=non-modular-include-in-framework-module -Wno-trigraphs -Wno-missing-field-initializers -Wno-missing-prototypes -Werror\=return-type -Werror\=deprecated-objc-isa-usage -Werror\=objc-root-class -Wno-non-virtual-dtor -Wno-overloaded-virtual -Wno-exit-time-destructors -Wno-missing-braces -Wparentheses -Wswitch -Wunused-function -Wno-unused-label -Wno-unused-parameter -Wunused-variable -Wunused-value -Wempty-body -Wuninitialized -Wno-unknown-pragmas -Wno-shadow -Wno-four-char-constants -Wno-conversion -Wconstant-conversion -Wint-conversion -Wbool-conversion -Wenum-conversion -Wno-float-conversion -Wno-non-literal-null-conversion -Wno-objc-literal-conversion -Wshorten-64-to-32 -Wno-newline-eof -Wno-c++11-extensions -Wno-implicit-fallthrough -isysroot /Volumes/AI/AI工具/Xcode/Xcode.app/Contents/Developer/Platforms/iPhoneOS.platform/Developer/SDKs/iPhoneOS26.5.sdk -fstrict-aliasing -Wdeprecated-declarations -Winvalid-offsetof -Wno-sign-conversion -Wno-infinite-recursion -Wno-move -Wno-comma -Wno-block-capture-autoreleasing -Wno-strict-prototypes -Wno-range-loop-analysis -Wno-semicolon-before-method-body @/Volumes/AI/Codex/四川麻将工程_20260701_v2/build/ios/DerivedData-2.6.30-20260808/Build/Intermediates.noindex/SichuanMahjongIOS.build/Release-iphoneos/SichuanMahjongIOS.build/Objects-normal/arm64/82b82416624d2658e5098eb0a28c15c5-common-args.resp -MMD -MT dependencies -MF /Volumes/AI/Codex/四川麻将工程_20260701_v2/build/ios/DerivedData-2.6.30-20260808/Build/Intermediates.noindex/SichuanMahjongIOS.build/Release-iphoneos/SichuanMahjongIOS.build/Objects-normal/arm64/dummy-6f66b41a71866c880e8a867d142570e6.d --serialize-diagnostics /Volumes/AI/Codex/四川麻将工程_20260701_v2/build/ios/DerivedData-2.6.30-20260808/Build/Intermediates.noindex/SichuanMahjongIOS.build/Release-iphoneos/SichuanMahjongIOS.build/Objects-normal/arm64/dummy-6f66b41a71866c880e8a867d142570e6.dia -c /Volumes/AI/Codex/四川麻将工程_20260701_v2/build/ios/SichuanMahjong-2.6.30-ios-xcode/SichuanMahjongIOS/dummy.cpp -o /Volumes/AI/Codex/四川麻将工程_20260701_v2/build/ios/DerivedData-2.6.30-20260808/Build/Intermediates.noindex/SichuanMahjongIOS.build/Release-iphoneos/SichuanMahjongIOS.build/Objects-normal/arm64/dummy-6f66b41a71866c880e8a867d142570e6.o

SwiftDriverJobDiscovery normal arm64 Compiling GeneratedAssetSymbols.swift (in target 'SichuanMahjongIOS' from project 'SichuanMahjongIOS')

SwiftDriver\ Compilation SichuanMahjongIOS normal arm64 com.apple.xcode.tools.swift.compiler (in target 'SichuanMahjongIOS' from project 'SichuanMahjongIOS')
    cd /Volumes/AI/Codex/四川麻将工程_20260701_v2/build/ios/SichuanMahjong-2.6.30-ios-xcode
    builtin-Swift-Compilation -- /Volumes/AI/AI工具/Xcode/Xcode.app/Contents/Developer/Toolchains/XcodeDefault.xctoolchain/usr/bin/swiftc -module-name SichuanMahjongIOS -O @/Volumes/AI/Codex/四川麻将工程_20260701_v2/build/ios/DerivedData-2.6.30-20260808/Build/Intermediates.noindex/SichuanMahjongIOS.build/Release-iphoneos/SichuanMahjongIOS.build/Objects-normal/arm64/SichuanMahjongIOS.SwiftFileList -enable-bare-slash-regex -enable-experimental-feature DebugDescriptionMacro -sdk /Volumes/AI/AI工具/Xcode/Xcode.app/Contents/Developer/Platforms/iPhoneOS.platform/Developer/SDKs/iPhoneOS26.5.sdk -target arm64-apple-ios14.0 -g -module-cache-path /Volumes/AI/Codex/四川麻将工程_20260701_v2/build/ios/DerivedData-2.6.30-20260808/ModuleCache.noindex -Xfrontend -serialize-debugging-options -swift-version 5 -I /Volumes/AI/Codex/四川麻将工程_20260701_v2/build/ios/DerivedData-2.6.30-20260808/Build/Products/Release-iphoneos -F /Volumes/AI/Codex/四川麻将工程_20260701_v2/build/ios/DerivedData-2.6.30-20260808/Build/Products/Release-iphoneos -F . -F MoltenVK.xcframework -F SichuanMahjongIOS -F SichuanMahjongIOS.xcframework -F libgodot.visionos.debug.xcframework -F libgodot.visionos.release.xcframework -F MoltenVK.xcframework/ios-arm64 -F MoltenVK.xcframework/ios-arm64_x86_64-maccatalyst -F MoltenVK.xcframework/ios-arm64_x86_64-simulator -F SichuanMahjongIOS/dylibs -F SichuanMahjongIOS.xcframework/ios-arm64 -F SichuanMahjongIOS.xcframework/ios-arm64_x86_64-simulator -F libgodot.visionos.debug.xcframework/xros-arm64 -F libgodot.visionos.debug.xcframework/xros-arm64-simulator -F libgodot.visionos.release.xcframework/xros-arm64 -F libgodot.visionos.release.xcframework/xros-arm64-simulator -F SichuanMahjongIOS/dylibs/ExportRelease -F SichuanMahjongIOS/dylibs/ExportRelease/SichuanMahjong.Godot_aot.xcframework -F SichuanMahjongIOS/dylibs/ExportRelease/SichuanMahjong.Godot_aot.xcframework/ios-arm64 -F SichuanMahjongIOS/dylibs/ExportRelease/SichuanMahjong.Godot_aot.xcframework/ios-arm64_x86_64-simulator -F SichuanMahjongIOS/dylibs/ExportRelease/SichuanMahjong.Godot_aot.xcframework/ios-arm64/dSYMs -F SichuanMahjongIOS/dylibs/ExportRelease/SichuanMahjong.Godot_aot.xcframework/ios-arm64_x86_64-simulator/dSYMs -F SichuanMahjongIOS/dylibs/ExportRelease/SichuanMahjong.Godot_aot.xcframework/ios-arm64/dSYMs/SichuanMahjong.Godot.framework.dSYM -F SichuanMahjongIOS/dylibs/ExportRelease/SichuanMahjong.Godot_aot.xcframework/ios-arm64_x86_64-simulator/dSYMs/SichuanMahjong.Godot.framework.dSYM -c -j10 -enable-batch-mode -incremental -Xcc -ivfsstatcache -Xcc /Volumes/AI/Codex/四川麻将工程_20260701_v2/build/ios/DerivedData-2.6.30-20260808/SDKStatCaches.noindex/iphoneos26.5-23F81a-f9284011395fa749f30a93b9afd2ba42.sdkstatcache -output-file-map /Volumes/AI/Codex/四川麻将工程_20260701_v2/build/ios/DerivedData-2.6.30-20260808/Build/Intermediates.noindex/SichuanMahjongIOS.build/Release-iphoneos/SichuanMahjongIOS.build/Objects-normal/arm64/SichuanMahjongIOS-OutputFileMap.json -use-frontend-parseable-output -save-temps -no-color-diagnostics -explicit-module-build -module-cache-path /Volumes/AI/Codex/四川麻将工程_20260701_v2/build/ios/DerivedData-2.6.30-20260808/Build/Intermediates.noindex/SwiftExplicitPrecompiledModules -clang-scanner-module-cache-path /Volumes/AI/Codex/四川麻将工程_20260701_v2/build/ios/DerivedData-2.6.30-20260808/ModuleCache.noindex -sdk-module-cache-path /Volumes/AI/Codex/四川麻将工程_20260701_v2/build/ios/DerivedData-2.6.30-20260808/ModuleCache.noindex -serialize-diagnostics -emit-dependencies -emit-module -emit-module-path /Volumes/AI/Codex/四川麻将工程_20260701_v2/build/ios/DerivedData-2.6.30-20260808/Build/Intermediates.noindex/SichuanMahjongIOS.build/Release-iphoneos/SichuanMahjongIOS.build/Objects-normal/arm64/SichuanMahjongIOS.swiftmodule -validate-clang-modules-once -clang-build-session-file /Volumes/AI/Codex/四川麻将工程_20260701_v2/build/ios/DerivedData-2.6.30-20260808/ModuleCache.noindex/Session.modulevalidation -Xcc -I/Volumes/AI/Codex/四川麻将工程_20260701_v2/build/ios/DerivedData-2.6.30-20260808/Build/Intermediates.noindex/SichuanMahjongIOS.build/Release-iphoneos/SichuanMahjongIOS.build/swift-overrides.hmap -emit-const-values -Xfrontend -const-gather-protocols-file -Xfrontend /Volumes/AI/Codex/四川麻将工程_20260701_v2/build/ios/DerivedData-2.6.30-20260808/Build/Intermediates.noindex/SichuanMahjongIOS.build/Release-iphoneos/SichuanMahjongIOS.build/Objects-normal/arm64/SichuanMahjongIOS_const_extract_protocols.json -Xcc -iquote -Xcc /Volumes/AI/Codex/四川麻将工程_20260701_v2/build/ios/DerivedData-2.6.30-20260808/Build/Intermediates.noindex/SichuanMahjongIOS.build/Release-iphoneos/SichuanMahjongIOS.build/SichuanMahjongIOS-generated-files.hmap -Xcc -I/Volumes/AI/Codex/四川麻将工程_20260701_v2/build/ios/DerivedData-2.6.30-20260808/Build/Intermediates.noindex/SichuanMahjongIOS.build/Release-iphoneos/SichuanMahjongIOS.build/SichuanMahjongIOS-own-target-headers.hmap -Xcc -I/Volumes/AI/Codex/四川麻将工程_20260701_v2/build/ios/DerivedData-2.6.30-20260808/Build/Intermediates.noindex/SichuanMahjongIOS.build/Release-iphoneos/SichuanMahjongIOS.build/SichuanMahjongIOS-all-target-headers.hmap -Xcc -iquote -Xcc /Volumes/AI/Codex/四川麻将工程_20260701_v2/build/ios/DerivedData-2.6.30-20260808/Build/Intermediates.noindex/SichuanMahjongIOS.build/Release-iphoneos/SichuanMahjongIOS.build/SichuanMahjongIOS-project-headers.hmap -Xcc -I/Volumes/AI/Codex/四川麻将工程_20260701_v2/build/ios/DerivedData-2.6.30-20260808/Build/Products/Release-iphoneos/include -Xcc -I/Volumes/AI/Codex/四川麻将工程_20260701_v2/build/ios/DerivedData-2.6.30-20260808/Build/Intermediates.noindex/SichuanMahjongIOS.build/Release-iphoneos/SichuanMahjongIOS.build/DerivedSources-normal/arm64 -Xcc -I/Volumes/AI/Codex/四川麻将工程_20260701_v2/build/ios/DerivedData-2.6.30-20260808/Build/Intermediates.noindex/SichuanMahjongIOS.build/Release-iphoneos/SichuanMahjongIOS.build/DerivedSources/arm64 -Xcc -I/Volumes/AI/Codex/四川麻将工程_20260701_v2/build/ios/DerivedData-2.6.30-20260808/Build/Intermediates.noindex/SichuanMahjongIOS.build/Release-iphoneos/SichuanMahjongIOS.build/DerivedSources -emit-objc-header -emit-objc-header-path /Volumes/AI/Codex/四川麻将工程_20260701_v2/build/ios/DerivedData-2.6.30-20260808/Build/Intermediates.noindex/SichuanMahjongIOS.build/Release-iphoneos/SichuanMahjongIOS.build/Objects-normal/arm64/SichuanMahjongIOS-Swift.h -import-objc-header /Volumes/AI/Codex/四川麻将工程_20260701_v2/build/ios/SichuanMahjong-2.6.30-ios-xcode/SichuanMahjongIOS/dummy.h -working-directory /Volumes/AI/Codex/四川麻将工程_20260701_v2/build/ios/SichuanMahjong-2.6.30-ios-xcode -experimental-emit-module-separately -disable-cmo

Ld /Volumes/AI/Codex/四川麻将工程_20260701_v2/build/ios/DerivedData-2.6.30-20260808/Build/Products/Release-iphoneos/SichuanMahjongIOS.app/SichuanMahjongIOS normal (in target 'SichuanMahjongIOS' from project 'SichuanMahjongIOS')
    cd /Volumes/AI/Codex/四川麻将工程_20260701_v2/build/ios/SichuanMahjong-2.6.30-ios-xcode
    /Volumes/AI/AI工具/Xcode/Xcode.app/Contents/Developer/Toolchains/XcodeDefault.xctoolchain/usr/bin/clang++ -Xlinker -reproducible -target arm64-apple-ios14.0 -isysroot /Volumes/AI/AI工具/Xcode/Xcode.app/Contents/Developer/Platforms/iPhoneOS.platform/Developer/SDKs/iPhoneOS26.5.sdk -Os -L/Volumes/AI/Codex/四川麻将工程_20260701_v2/build/ios/DerivedData-2.6.30-20260808/Build/Intermediates.noindex/EagerLinkingTBDs/Release-iphoneos -L/Volumes/AI/Codex/四川麻将工程_20260701_v2/build/ios/DerivedData-2.6.30-20260808/Build/Products/Release-iphoneos -L. -LMoltenVK.xcframework -LSichuanMahjongIOS -LSichuanMahjongIOS.xcframework -Llibgodot.visionos.debug.xcframework -Llibgodot.visionos.release.xcframework -LMoltenVK.xcframework/ios-arm64 -LMoltenVK.xcframework/ios-arm64_x86_64-maccatalyst -LMoltenVK.xcframework/ios-arm64_x86_64-simulator -LSichuanMahjongIOS/dylibs -LSichuanMahjongIOS.xcframework/ios-arm64 -LSichuanMahjongIOS.xcframework/ios-arm64_x86_64-simulator -Llibgodot.visionos.debug.xcframework/xros-arm64 -Llibgodot.visionos.debug.xcframework/xros-arm64-simulator -Llibgodot.visionos.release.xcframework/xros-arm64 -Llibgodot.visionos.release.xcframework/xros-arm64-simulator -LSichuanMahjongIOS/dylibs/ExportRelease -LSichuanMahjongIOS/dylibs/ExportRelease/SichuanMahjong.Godot_aot.xcframework -LSichuanMahjongIOS/dylibs/ExportRelease/SichuanMahjong.Godot_aot.xcframework/ios-arm64 -LSichuanMahjongIOS/dylibs/ExportRelease/SichuanMahjong.Godot_aot.xcframework/ios-arm64_x86_64-simulator -LSichuanMahjongIOS/dylibs/ExportRelease/SichuanMahjong.Godot_aot.xcframework/ios-arm64/dSYMs -LSichuanMahjongIOS/dylibs/ExportRelease/SichuanMahjong.Godot_aot.xcframework/ios-arm64_x86_64-simulator/dSYMs -LSichuanMahjongIOS/dylibs/ExportRelease/SichuanMahjong.Godot_aot.xcframework/ios-arm64/dSYMs/SichuanMahjong.Godot.framework.dSYM -LSichuanMahjongIOS/dylibs/ExportRelease/SichuanMahjong.Godot_aot.xcframework/ios-arm64_x86_64-simulator/dSYMs/SichuanMahjong.Godot.framework.dSYM -F/Volumes/AI/Codex/四川麻将工程_20260701_v2/build/ios/DerivedData-2.6.30-20260808/Build/Intermediates.noindex/EagerLinkingTBDs/Release-iphoneos -F/Volumes/AI/Codex/四川麻将工程_20260701_v2/build/ios/DerivedData-2.6.30-20260808/Build/Products/Release-iphoneos -F. -FMoltenVK.xcframework -FSichuanMahjongIOS -FSichuanMahjongIOS.xcframework -Flibgodot.visionos.debug.xcframework -Flibgodot.visionos.release.xcframework -FMoltenVK.xcframework/ios-arm64 -FMoltenVK.xcframework/ios-arm64_x86_64-maccatalyst -FMoltenVK.xcframework/ios-arm64_x86_64-simulator -FSichuanMahjongIOS/dylibs -FSichuanMahjongIOS.xcframework/ios-arm64 -FSichuanMahjongIOS.xcframework/ios-arm64_x86_64-simulator -Flibgodot.visionos.debug.xcframework/xros-arm64 -Flibgodot.visionos.debug.xcframework/xros-arm64-simulator -Flibgodot.visionos.release.xcframework/xros-arm64 -Flibgodot.visionos.release.xcframework/xros-arm64-simulator -FSichuanMahjongIOS/dylibs/ExportRelease -FSichuanMahjongIOS/dylibs/ExportRelease/SichuanMahjong.Godot_aot.xcframework -FSichuanMahjongIOS/dylibs/ExportRelease/SichuanMahjong.Godot_aot.xcframework/ios-arm64 -FSichuanMahjongIOS/dylibs/ExportRelease/SichuanMahjong.Godot_aot.xcframework/ios-arm64_x86_64-simulator -FSichuanMahjongIOS/dylibs/ExportRelease/SichuanMahjong.Godot_aot.xcframework/ios-arm64/dSYMs -FSichuanMahjongIOS/dylibs/ExportRelease/SichuanMahjong.Godot_aot.xcframework/ios-arm64_x86_64-simulator/dSYMs -FSichuanMahjongIOS/dylibs/ExportRelease/SichuanMahjong.Godot_aot.xcframework/ios-arm64/dSYMs/SichuanMahjong.Godot.framework.dSYM -FSichuanMahjongIOS/dylibs/ExportRelease/SichuanMahjong.Godot_aot.xcframework/ios-arm64_x86_64-simulator/dSYMs/SichuanMahjong.Godot.framework.dSYM -filelist /Volumes/AI/Codex/四川麻将工程_20260701_v2/build/ios/DerivedData-2.6.30-20260808/Build/Intermediates.noindex/SichuanMahjongIOS.build/Release-iphoneos/SichuanMahjongIOS.build/Objects-normal/arm64/SichuanMahjongIOS.LinkFileList -Xlinker -rpath -Xlinker /usr/lib/swift -Xlinker -rpath -Xlinker @executable_path/Frameworks -Xlinker -dead_strip -Xlinker -object_path_lto -Xlinker /Volumes/AI/Codex/四川麻将工程_20260701_v2/build/ios/DerivedData-2.6.30-20260808/Build/Intermediates.noindex/SichuanMahjongIOS.build/Release-iphoneos/SichuanMahjongIOS.build/Objects-normal/arm64/SichuanMahjongIOS_lto.o -Xlinker -dependency_info -Xlinker /Volumes/AI/Codex/四川麻将工程_20260701_v2/build/ios/DerivedData-2.6.30-20260808/Build/Intermediates.noindex/SichuanMahjongIOS.build/Release-iphoneos/SichuanMahjongIOS.build/Objects-normal/arm64/SichuanMahjongIOS_dependency_info.dat -stdlib\=libc++ -fobjc-link-runtime -L/Volumes/AI/AI工具/Xcode/Xcode.app/Contents/Developer/Toolchains/XcodeDefault.xctoolchain/usr/lib/swift/iphoneos -L/usr/lib/swift -Xlinker -add_ast_path -Xlinker /Volumes/AI/Codex/四川麻将工程_20260701_v2/build/ios/DerivedData-2.6.30-20260808/Build/Intermediates.noindex/SichuanMahjongIOS.build/Release-iphoneos/SichuanMahjongIOS.build/Objects-normal/arm64/SichuanMahjongIOS.swiftmodule @/Volumes/AI/Codex/四川麻将工程_20260701_v2/build/ios/DerivedData-2.6.30-20260808/Build/Intermediates.noindex/SichuanMahjongIOS.build/Release-iphoneos/SichuanMahjongIOS.build/Objects-normal/arm64/SichuanMahjongIOS-linker-args.resp -lMoltenVK -lgodot -framework SichuanMahjong.Godot -Xlinker -no_adhoc_codesign -o /Volumes/AI/Codex/四川麻将工程_20260701_v2/build/ios/DerivedData-2.6.30-20260808/Build/Products/Release-iphoneos/SichuanMahjongIOS.app/SichuanMahjongIOS

LinkAssetCatalog /Volumes/AI/Codex/四川麻将工程_20260701_v2/build/ios/SichuanMahjong-2.6.30-ios-xcode/SichuanMahjongIOS/Images.xcassets (in target 'SichuanMahjongIOS' from project 'SichuanMahjongIOS')
    cd /Volumes/AI/Codex/四川麻将工程_20260701_v2/build/ios/SichuanMahjong-2.6.30-ios-xcode
    builtin-linkAssetCatalog --thinned /Volumes/AI/Codex/四川麻将工程_20260701_v2/build/ios/DerivedData-2.6.30-20260808/Build/Intermediates.noindex/SichuanMahjongIOS.build/Release-iphoneos/SichuanMahjongIOS.build/assetcatalog_output/thinned --thinned-dependencies /Volumes/AI/Codex/四川麻将工程_20260701_v2/build/ios/DerivedData-2.6.30-20260808/Build/Intermediates.noindex/SichuanMahjongIOS.build/Release-iphoneos/SichuanMahjongIOS.build/assetcatalog_dependencies_thinned --thinned-info-plist-content /Volumes/AI/Codex/四川麻将工程_20260701_v2/build/ios/DerivedData-2.6.30-20260808/Build/Intermediates.noindex/SichuanMahjongIOS.build/Release-iphoneos/SichuanMahjongIOS.build/assetcatalog_generated_info.plist_thinned --unthinned /Volumes/AI/Codex/四川麻将工程_20260701_v2/build/ios/DerivedData-2.6.30-20260808/Build/Intermediates.noindex/SichuanMahjongIOS.build/Release-iphoneos/SichuanMahjongIOS.build/assetcatalog_output/unthinned --unthinned-dependencies /Volumes/AI/Codex/四川麻将工程_20260701_v2/build/ios/DerivedData-2.6.30-20260808/Build/Intermediates.noindex/SichuanMahjongIOS.build/Release-iphoneos/SichuanMahjongIOS.build/assetcatalog_dependencies_unthinned --unthinned-info-plist-content /Volumes/AI/Codex/四川麻将工程_20260701_v2/build/ios/DerivedData-2.6.30-20260808/Build/Intermediates.noindex/SichuanMahjongIOS.build/Release-iphoneos/SichuanMahjongIOS.build/assetcatalog_generated_info.plist_unthinned --output /Volumes/AI/Codex/四川麻将工程_20260701_v2/build/ios/DerivedData-2.6.30-20260808/Build/Products/Release-iphoneos/SichuanMahjongIOS.app --plist-output /Volumes/AI/Codex/四川麻将工程_20260701_v2/build/ios/DerivedData-2.6.30-20260808/Build/Intermediates.noindex/SichuanMahjongIOS.build/Release-iphoneos/SichuanMahjongIOS.build/assetcatalog_generated_info.plist
note: Emplaced /Volumes/AI/Codex/四川麻将工程_20260701_v2/build/ios/DerivedData-2.6.30-20260808/Build/Products/Release-iphoneos/SichuanMahjongIOS.app/Assets.car (in target 'SichuanMahjongIOS' from project 'SichuanMahjongIOS')
note: Emplaced /Volumes/AI/Codex/四川麻将工程_20260701_v2/build/ios/DerivedData-2.6.30-20260808/Build/Products/Release-iphoneos/SichuanMahjongIOS.app/AppIcon60x60@2x.png (in target 'SichuanMahjongIOS' from project 'SichuanMahjongIOS')
note: Emplaced /Volumes/AI/Codex/四川麻将工程_20260701_v2/build/ios/DerivedData-2.6.30-20260808/Build/Products/Release-iphoneos/SichuanMahjongIOS.app/AppIcon76x76@2x~ipad.png (in target 'SichuanMahjongIOS' from project 'SichuanMahjongIOS')

Copy /Volumes/AI/Codex/四川麻将工程_20260701_v2/build/ios/DerivedData-2.6.30-20260808/Build/Products/Release-iphoneos/SichuanMahjongIOS.app/Frameworks/SichuanMahjong.Godot.framework /Volumes/AI/Codex/四川麻将工程_20260701_v2/build/ios/SichuanMahjong-2.6.30-ios-xcode/SichuanMahjongIOS/dylibs/ExportRelease/SichuanMahjong.Godot_aot.xcframework/ios-arm64/SichuanMahjong.Godot.framework (in target 'SichuanMahjongIOS' from project 'SichuanMahjongIOS')
    cd /Volumes/AI/Codex/四川麻将工程_20260701_v2/build/ios/SichuanMahjong-2.6.30-ios-xcode
    builtin-copy -exclude .DS_Store -exclude CVS -exclude .svn -exclude .git -exclude .hg -strip-unsigned-binaries -strip-deterministic -bitcode-strip all -bitcode-strip-tool /Volumes/AI/AI工具/Xcode/Xcode.app/Contents/Developer/Toolchains/XcodeDefault.xctoolchain/usr/bin/bitcode_strip -strip-tool /Volumes/AI/AI工具/Xcode/Xcode.app/Contents/Developer/Toolchains/XcodeDefault.xctoolchain/usr/bin/strip -resolve-src-symlinks -remove-static-executable /Volumes/AI/Codex/四川麻将工程_20260701_v2/build/ios/SichuanMahjong-2.6.30-ios-xcode/SichuanMahjongIOS/dylibs/ExportRelease/SichuanMahjong.Godot_aot.xcframework/ios-arm64/SichuanMahjong.Godot.framework /Volumes/AI/Codex/四川麻将工程_20260701_v2/build/ios/DerivedData-2.6.30-20260808/Build/Products/Release-iphoneos/SichuanMahjongIOS.app/Frameworks
/Volumes/AI/AI工具/Xcode/Xcode.app/Contents/Developer/Toolchains/XcodeDefault.xctoolchain/usr/bin/strip -D -S -no_atom_info /Volumes/AI/Codex/四川麻将工程_20260701_v2/build/ios/SichuanMahjong-2.6.30-ios-xcode/SichuanMahjongIOS/dylibs/ExportRelease/SichuanMahjong.Godot_aot.xcframework/ios-arm64/SichuanMahjong.Godot.framework/SichuanMahjong.Godot -o /Volumes/AI/Codex/四川麻将工程_20260701_v2/build/ios/DerivedData-2.6.30-20260808/Build/Products/Release-iphoneos/SichuanMahjongIOS.app/Frameworks/SichuanMahjong.Godot.framework/SichuanMahjong.Godot/Volumes/AI/AI工具/Xcode/Xcode.app/Contents/Developer/Toolchains/XcodeDefault.xctoolchain/usr/bin/bitcode_strip /Volumes/AI/Codex/四川麻将工程_20260701_v2/build/ios/DerivedData-2.6.30-20260808/Build/Products/Release-iphoneos/SichuanMahjongIOS.app/Frameworks/SichuanMahjong.Godot.framework/SichuanMahjong.Godot -r -o /Volumes/AI/Codex/四川麻将工程_20260701_v2/build/ios/DerivedData-2.6.30-20260808/Build/Products/Release-iphoneos/SichuanMahjongIOS.app/Frameworks/SichuanMahjong.Godot.framework/SichuanMahjong.Godot
CodeSign /Volumes/AI/Codex/四川麻将工程_20260701_v2/build/ios/DerivedData-2.6.30-20260808/Build/Products/Release-iphoneos/SichuanMahjongIOS.app/Frameworks/SichuanMahjong.Godot.framework (in target 'SichuanMahjongIOS' from project 'SichuanMahjongIOS')
    cd /Volumes/AI/Codex/四川麻将工程_20260701_v2/build/ios/SichuanMahjong-2.6.30-ios-xcode
    
    Signing Identity:     "Apple Development: donachen2027@outlook.com (MN54CC5STV)"
    Provisioning Profile: "iOS Team Provisioning Profile: com.chendong.sichuanmahjong.iosdev"
                          (db1baa0e-3dbc-4c83-9049-a7c3d944a9ed)
    
    /usr/bin/codesign --force --sign 3DAD65E5963AB50015B1BF113B44B1070EEBED23 --timestamp\=none --preserve-metadata\=identifier,entitlements,flags --generate-entitlement-der /Volumes/AI/Codex/四川麻将工程_20260701_v2/build/ios/DerivedData-2.6.30-20260808/Build/Products/Release-iphoneos/SichuanMahjongIOS.app/Frameworks/SichuanMahjong.Godot.framework

ProcessInfoPlistFile /Volumes/AI/Codex/四川麻将工程_20260701_v2/build/ios/DerivedData-2.6.30-20260808/Build/Products/Release-iphoneos/SichuanMahjongIOS.app/Info.plist /Volumes/AI/Codex/四川麻将工程_20260701_v2/build/ios/SichuanMahjong-2.6.30-ios-xcode/SichuanMahjongIOS/SichuanMahjongIOS-Info.plist (in target 'SichuanMahjongIOS' from project 'SichuanMahjongIOS')
    cd /Volumes/AI/Codex/四川麻将工程_20260701_v2/build/ios/SichuanMahjong-2.6.30-ios-xcode
    builtin-infoPlistUtility /Volumes/AI/Codex/四川麻将工程_20260701_v2/build/ios/SichuanMahjong-2.6.30-ios-xcode/SichuanMahjongIOS/SichuanMahjongIOS-Info.plist -producttype com.apple.product-type.application -genpkginfo /Volumes/AI/Codex/四川麻将工程_20260701_v2/build/ios/DerivedData-2.6.30-20260808/Build/Products/Release-iphoneos/SichuanMahjongIOS.app/PkgInfo -expandbuildsettings -format binary -platform iphoneos -additionalcontentfile /Volumes/AI/Codex/四川麻将工程_20260701_v2/build/ios/DerivedData-2.6.30-20260808/Build/Intermediates.noindex/SichuanMahjongIOS.build/Release-iphoneos/SichuanMahjongIOS.build/Launch\ Screen-SBPartialInfo.plist -additionalcontentfile /Volumes/AI/Codex/四川麻将工程_20260701_v2/build/ios/DerivedData-2.6.30-20260808/Build/Intermediates.noindex/SichuanMahjongIOS.build/Release-iphoneos/SichuanMahjongIOS.build/assetcatalog_generated_info.plist -scanforprivacyfile /Volumes/AI/Codex/四川麻将工程_20260701_v2/build/ios/DerivedData-2.6.30-20260808/Build/Products/Release-iphoneos/SichuanMahjongIOS.app/Frameworks/SichuanMahjong.Godot.framework -requiredArchitecture arm64 -o /Volumes/AI/Codex/四川麻将工程_20260701_v2/build/ios/DerivedData-2.6.30-20260808/Build/Products/Release-iphoneos/SichuanMahjongIOS.app/Info.plist
warning: The value for NSPhotoLibraryUsageDescription must be a non-empty string. (in target 'SichuanMahjongIOS' from project 'SichuanMahjongIOS')
warning: The value for NSMicrophoneUsageDescription must be a non-empty string. (in target 'SichuanMahjongIOS' from project 'SichuanMahjongIOS')
warning: The value for NSCameraUsageDescription must be a non-empty string. (in target 'SichuanMahjongIOS' from project 'SichuanMahjongIOS')

GenerateDSYMFile /Volumes/AI/Codex/四川麻将工程_20260701_v2/build/ios/DerivedData-2.6.30-20260808/Build/Products/Release-iphoneos/SichuanMahjongIOS.app.dSYM /Volumes/AI/Codex/四川麻将工程_20260701_v2/build/ios/DerivedData-2.6.30-20260808/Build/Products/Release-iphoneos/SichuanMahjongIOS.app/SichuanMahjongIOS (in target 'SichuanMahjongIOS' from project 'SichuanMahjongIOS')
    cd /Volumes/AI/Codex/四川麻将工程_20260701_v2/build/ios/SichuanMahjong-2.6.30-ios-xcode
    /Volumes/AI/AI工具/Xcode/Xcode.app/Contents/Developer/Toolchains/XcodeDefault.xctoolchain/usr/bin/dsymutil /Volumes/AI/Codex/四川麻将工程_20260701_v2/build/ios/DerivedData-2.6.30-20260808/Build/Products/Release-iphoneos/SichuanMahjongIOS.app/SichuanMahjongIOS -o /Volumes/AI/Codex/四川麻将工程_20260701_v2/build/ios/DerivedData-2.6.30-20260808/Build/Products/Release-iphoneos/SichuanMahjongIOS.app.dSYM

ExtractAppIntentsMetadata (in target 'SichuanMahjongIOS' from project 'SichuanMahjongIOS')
    cd /Volumes/AI/Codex/四川麻将工程_20260701_v2/build/ios/SichuanMahjong-2.6.30-ios-xcode
    /Volumes/AI/AI工具/Xcode/Xcode.app/Contents/Developer/Toolchains/XcodeDefault.xctoolchain/usr/bin/appintentsmetadataprocessor --toolchain-dir /Volumes/AI/AI工具/Xcode/Xcode.app/Contents/Developer/Toolchains/XcodeDefault.xctoolchain --module-name SichuanMahjongIOS --sdk-root /Volumes/AI/AI工具/Xcode/Xcode.app/Contents/Developer/Platforms/iPhoneOS.platform/Developer/SDKs/iPhoneOS26.5.sdk --xcode-version 17F113 --platform-family iOS --deployment-target 14.0 --bundle-identifier com.chendong.sichuanmahjong.iosdev --output /Volumes/AI/Codex/四川麻将工程_20260701_v2/build/ios/DerivedData-2.6.30-20260808/Build/Products/Release-iphoneos/SichuanMahjongIOS.app --target-triple arm64-apple-ios14.0 --binary-file /Volumes/AI/Codex/四川麻将工程_20260701_v2/build/ios/DerivedData-2.6.30-20260808/Build/Products/Release-iphoneos/SichuanMahjongIOS.app/SichuanMahjongIOS --dependency-file /Volumes/AI/Codex/四川麻将工程_20260701_v2/build/ios/DerivedData-2.6.30-20260808/Build/Intermediates.noindex/SichuanMahjongIOS.build/Release-iphoneos/SichuanMahjongIOS.build/Objects-normal/arm64/SichuanMahjongIOS_dependency_info.dat --stringsdata-file /Volumes/AI/Codex/四川麻将工程_20260701_v2/build/ios/DerivedData-2.6.30-20260808/Build/Intermediates.noindex/SichuanMahjongIOS.build/Release-iphoneos/SichuanMahjongIOS.build/Objects-normal/arm64/ExtractedAppShortcutsMetadata.stringsdata --source-file-list /Volumes/AI/Codex/四川麻将工程_20260701_v2/build/ios/DerivedData-2.6.30-20260808/Build/Intermediates.noindex/SichuanMahjongIOS.build/Release-iphoneos/SichuanMahjongIOS.build/Objects-normal/arm64/SichuanMahjongIOS.SwiftFileList --metadata-file-list /Volumes/AI/Codex/四川麻将工程_20260701_v2/build/ios/DerivedData-2.6.30-20260808/Build/Intermediates.noindex/SichuanMahjongIOS.build/Release-iphoneos/SichuanMahjongIOS.build/SichuanMahjongIOS.DependencyMetadataFileList --static-metadata-file-list /Volumes/AI/Codex/四川麻将工程_20260701_v2/build/ios/DerivedData-2.6.30-20260808/Build/Intermediates.noindex/SichuanMahjongIOS.build/Release-iphoneos/SichuanMahjongIOS.build/SichuanMahjongIOS.DependencyStaticMetadataFileList --swift-const-vals-list /Volumes/AI/Codex/四川麻将工程_20260701_v2/build/ios/DerivedData-2.6.30-20260808/Build/Intermediates.noindex/SichuanMahjongIOS.build/Release-iphoneos/SichuanMahjongIOS.build/Objects-normal/arm64/SichuanMahjongIOS.SwiftConstValuesFileList --compile-time-extraction --deployment-aware-processing --validate-assistant-intents --no-app-shortcuts-localization
2026-08-08 07:02:04.391 appintentsmetadataprocessor[25706:870079] Starting appintentsmetadataprocessor export
2026-08-08 07:02:04.399 appintentsmetadataprocessor[25706:870079] warning: Metadata extraction skipped. No AppIntents.framework dependency found.

CopySwiftLibs /Volumes/AI/Codex/四川麻将工程_20260701_v2/build/ios/DerivedData-2.6.30-20260808/Build/Products/Release-iphoneos/SichuanMahjongIOS.app (in target 'SichuanMahjongIOS' from project 'SichuanMahjongIOS')
    cd /Volumes/AI/Codex/四川麻将工程_20260701_v2/build/ios/SichuanMahjong-2.6.30-ios-xcode
    builtin-swiftStdLibTool --copy --verbose --sign 3DAD65E5963AB50015B1BF113B44B1070EEBED23 --scan-executable /Volumes/AI/Codex/四川麻将工程_20260701_v2/build/ios/DerivedData-2.6.30-20260808/Build/Products/Release-iphoneos/SichuanMahjongIOS.app/SichuanMahjongIOS --scan-folder /Volumes/AI/Codex/四川麻将工程_20260701_v2/build/ios/DerivedData-2.6.30-20260808/Build/Products/Release-iphoneos/SichuanMahjongIOS.app/Frameworks --scan-folder /Volumes/AI/Codex/四川麻将工程_20260701_v2/build/ios/DerivedData-2.6.30-20260808/Build/Products/Release-iphoneos/SichuanMahjongIOS.app/PlugIns --scan-folder /Volumes/AI/Codex/四川麻将工程_20260701_v2/build/ios/DerivedData-2.6.30-20260808/Build/Products/Release-iphoneos/SichuanMahjongIOS.app/SystemExtensions --scan-folder /Volumes/AI/Codex/四川麻将工程_20260701_v2/build/ios/DerivedData-2.6.30-20260808/Build/Products/Release-iphoneos/SichuanMahjongIOS.app/Extensions --platform iphoneos --toolchain /Volumes/AI/AI工具/Xcode/Xcode.app/Contents/Developer/Toolchains/XcodeDefault.xctoolchain --destination /Volumes/AI/Codex/四川麻将工程_20260701_v2/build/ios/DerivedData-2.6.30-20260808/Build/Products/Release-iphoneos/SichuanMahjongIOS.app/Frameworks --strip-bitcode --strip-bitcode-tool /Volumes/AI/AI工具/Xcode/Xcode.app/Contents/Developer/Toolchains/XcodeDefault.xctoolchain/usr/bin/bitcode_strip --emit-dependency-info /Volumes/AI/Codex/四川麻将工程_20260701_v2/build/ios/DerivedData-2.6.30-20260808/Build/Intermediates.noindex/SichuanMahjongIOS.build/Release-iphoneos/SichuanMahjongIOS.build/SwiftStdLibToolInputDependencies.dep --filter-for-swift-os

AppIntentsSSUTraining (in target 'SichuanMahjongIOS' from project 'SichuanMahjongIOS')
    cd /Volumes/AI/Codex/四川麻将工程_20260701_v2/build/ios/SichuanMahjong-2.6.30-ios-xcode
    /Volumes/AI/AI工具/Xcode/Xcode.app/Contents/Developer/Toolchains/XcodeDefault.xctoolchain/usr/bin/appintentsnltrainingprocessor --infoplist-path /Volumes/AI/Codex/四川麻将工程_20260701_v2/build/ios/DerivedData-2.6.30-20260808/Build/Products/Release-iphoneos/SichuanMahjongIOS.app/Info.plist --temp-dir-path /Volumes/AI/Codex/四川麻将工程_20260701_v2/build/ios/DerivedData-2.6.30-20260808/Build/Intermediates.noindex/SichuanMahjongIOS.build/Release-iphoneos/SichuanMahjongIOS.build/ssu --bundle-id com.chendong.sichuanmahjong.iosdev --product-path /Volumes/AI/Codex/四川麻将工程_20260701_v2/build/ios/DerivedData-2.6.30-20260808/Build/Products/Release-iphoneos/SichuanMahjongIOS.app --extracted-metadata-path /Volumes/AI/Codex/四川麻将工程_20260701_v2/build/ios/DerivedData-2.6.30-20260808/Build/Products/Release-iphoneos/SichuanMahjongIOS.app/Metadata.appintents --metadata-file-list /Volumes/AI/Codex/四川麻将工程_20260701_v2/build/ios/DerivedData-2.6.30-20260808/Build/Intermediates.noindex/SichuanMahjongIOS.build/Release-iphoneos/SichuanMahjongIOS.build/SichuanMahjongIOS.DependencyMetadataFileList --source-file /Volumes/AI/Codex/四川麻将工程_20260701_v2/build/ios/DerivedData-2.6.30-20260808/Build/Products/Release-iphoneos/SichuanMahjongIOS.app/Info.plist --archive-ssu-assets
2026-08-08 07:02:04.424 appintentsnltrainingprocessor[25707:870085] Parsing options for appintentsnltrainingprocessor
2026-08-08 07:02:04.425 appintentsnltrainingprocessor[25707:870085] Starting AppIntents SSU YAML Generation
2026-08-08 07:02:04.427 appintentsnltrainingprocessor[25707:870085] No AppShortcuts found - Skipping.

CodeSign /Volumes/AI/Codex/四川麻将工程_20260701_v2/build/ios/DerivedData-2.6.30-20260808/Build/Products/Release-iphoneos/SichuanMahjongIOS.app (in target 'SichuanMahjongIOS' from project 'SichuanMahjongIOS')
    cd /Volumes/AI/Codex/四川麻将工程_20260701_v2/build/ios/SichuanMahjong-2.6.30-ios-xcode
    
    Signing Identity:     "Apple Development: donachen2027@outlook.com (MN54CC5STV)"
    Provisioning Profile: "iOS Team Provisioning Profile: com.chendong.sichuanmahjong.iosdev"
                          (db1baa0e-3dbc-4c83-9049-a7c3d944a9ed)
    
    /usr/bin/codesign --force --sign 3DAD65E5963AB50015B1BF113B44B1070EEBED23 --entitlements /Volumes/AI/Codex/四川麻将工程_20260701_v2/build/ios/DerivedData-2.6.30-20260808/Build/Intermediates.noindex/SichuanMahjongIOS.build/Release-iphoneos/SichuanMahjongIOS.build/SichuanMahjongIOS.app.xcent --timestamp\=none --generate-entitlement-der /Volumes/AI/Codex/四川麻将工程_20260701_v2/build/ios/DerivedData-2.6.30-20260808/Build/Products/Release-iphoneos/SichuanMahjongIOS.app

RegisterExecutionPolicyException /Volumes/AI/Codex/四川麻将工程_20260701_v2/build/ios/DerivedData-2.6.30-20260808/Build/Products/Release-iphoneos/SichuanMahjongIOS.app (in target 'SichuanMahjongIOS' from project 'SichuanMahjongIOS')
    cd /Volumes/AI/Codex/四川麻将工程_20260701_v2/build/ios/SichuanMahjong-2.6.30-ios-xcode
    builtin-RegisterExecutionPolicyException /Volumes/AI/Codex/四川麻将工程_20260701_v2/build/ios/DerivedData-2.6.30-20260808/Build/Products/Release-iphoneos/SichuanMahjongIOS.app

Validate /Volumes/AI/Codex/四川麻将工程_20260701_v2/build/ios/DerivedData-2.6.30-20260808/Build/Products/Release-iphoneos/SichuanMahjongIOS.app (in target 'SichuanMahjongIOS' from project 'SichuanMahjongIOS')
    cd /Volumes/AI/Codex/四川麻将工程_20260701_v2/build/ios/SichuanMahjong-2.6.30-ios-xcode
    builtin-validationUtility /Volumes/AI/Codex/四川麻将工程_20260701_v2/build/ios/DerivedData-2.6.30-20260808/Build/Products/Release-iphoneos/SichuanMahjongIOS.app -validate-for-store -shallow-bundle -infoplist-subpath Info.plist

Touch /Volumes/AI/Codex/四川麻将工程_20260701_v2/build/ios/DerivedData-2.6.30-20260808/Build/Products/Release-iphoneos/SichuanMahjongIOS.app (in target 'SichuanMahjongIOS' from project 'SichuanMahjongIOS')
    cd /Volumes/AI/Codex/四川麻将工程_20260701_v2/build/ios/SichuanMahjong-2.6.30-ios-xcode
    /usr/bin/touch -c /Volumes/AI/Codex/四川麻将工程_20260701_v2/build/ios/DerivedData-2.6.30-20260808/Build/Products/Release-iphoneos/SichuanMahjongIOS.app

** BUILD SUCCEEDED **

